lane,ASV1,ASV2,ASV3,ASV4,ASV5,ASV6,ASV7,ASV8,ASV9,ASV11,ASV12,ASV13,ASV15,ASV16,ASV17,ASV18,ASV19,ASV20,ASV21,ASV22,ASV23,ASV24,ASV25,ASV26,ASV27,ASV28,ASV29,ASV30,ASV31,ASV32,ASV33,ASV34,ASV35,ASV36,ASV38,ASV39,ASV40,ASV41,ASV42,ASV43,ASV44,ASV45,ASV46,ASV47,ASV48,ASV49,ASV50,ASV51,ASV52,ASV53,ASV54,ASV55,ASV56,ASV57,ASV58,ASV59,ASV61,ASV62,ASV63,ASV64,ASV65,ASV66,ASV67,ASV68,ASV69,ASV70,ASV71,ASV73,ASV74,ASV75,ASV76,ASV77,ASV78,ASV79,ASV81,ASV82,ASV83,ASV84,ASV85,ASV86,ASV87,ASV88,ASV89,ASV90,ASV91,ASV92,ASV93,ASV94,ASV95,ASV96,ASV98,ASV99,ASV100,ASV101,ASV102,ASV103,ASV104,ASV106,ASV107,ASV108,ASV109,ASV110,ASV111,ASV112,ASV113,ASV114,ASV115,ASV116,ASV117,ASV118,ASV119,ASV120,ASV122,ASV123,ASV124,ASV125,ASV127,ASV128,ASV130,ASV131,ASV132,ASV133,ASV135,ASV136,ASV137,ASV138,ASV139,ASV140,ASV141,ASV142,ASV143,ASV144,ASV145,ASV146,ASV148,ASV150,ASV151,ASV152,ASV153,ASV154,ASV155,ASV157,ASV159,ASV160,ASV161,ASV162,ASV163,ASV164,ASV165,ASV166,ASV167,ASV168,ASV170,ASV171,ASV173,ASV176,ASV179,ASV180,ASV182,ASV183,ASV184,ASV185,ASV186,ASV187,ASV188,ASV189,ASV191,ASV192,ASV193,ASV194,ASV195,ASV196,ASV198,ASV199,ASV200,ASV201,ASV202,ASV203,ASV204,ASV205,ASV207,ASV209,ASV210,ASV211,ASV213,ASV214,ASV218,ASV219,ASV220,ASV221,ASV222,ASV223,ASV224,ASV225,ASV226,ASV234,ASV235,ASV236,ASV237,ASV238,ASV239,ASV240,ASV242,ASV243,ASV244,ASV247,ASV248,ASV249,ASV250,ASV251,ASV253,ASV255,ASV256,ASV257,ASV258,ASV259,ASV260,ASV261,ASV262,ASV263,ASV264,ASV265,ASV266,ASV267,ASV268,ASV269,ASV271,ASV274,ASV275,ASV276,ASV278,ASV279,ASV280,ASV282,ASV283,ASV284,ASV285,ASV288,ASV289,ASV291,ASV293,ASV294,ASV295,ASV297,ASV299,ASV301,ASV302,ASV303,ASV304,ASV305,ASV307,ASV308,ASV309,ASV310,ASV311,ASV312,ASV313,ASV315,ASV317,ASV318,ASV320,ASV321,ASV322,ASV323,sample,gnoto,symstate,treatment,is.neg
B10,0.227701620081894,0,0.114651949439202,0.0010681858643404,0.110379205981841,0.0963147587680256,0.0578600676517714,0.000890154886950329,0,0.019049314580737,0.0329357308171622,0.000356061954780132,0.0010681858643404,0.0251023678119993,0.000178030977390066,0.0129962613494748,0.000890154886950329,0.0275948014954602,0,0.00391668150258145,0,0.019049314580737,0.0122841374399145,0.0154886950329357,0.0176250667616165,0.00907957984689336,0.000534092932170198,0.00142424781912053,0,0.0126401993946947,0.0201175004450774,0,0,0,0.00712123909560263,0.0113939825529642,0,0,0.00284849563824105,0.000890154886950329,0,0.00818942495994303,0.000356061954780132,0.00996973473384369,0.0142424781912053,0,0.00142424781912053,0,0.000178030977390066,0,0.00890154886950329,0.00498486736692184,0.00765533202777283,0.00142424781912053,0.0072992700729927,0.000356061954780132,0,0.0010681858643404,0,0,0,0.00373865052519138,0.00320455759302119,0.000534092932170198,0.00284849563824105,0,0.00142424781912053,0.00356061954780132,0,0,0.00373865052519138,0.000890154886950329,0,0.000890154886950329,0.0010681858643404,0.000534092932170198,0,0.000178030977390066,0,0.00409471247997152,0.00373865052519138,0,0.000178030977390066,0,0.000178030977390066,0,0.0010681858643404,0,0.000356061954780132,0.00391668150258145,0,0,0.00373865052519138,0,0.00160227879651059,0.000178030977390066,0,0.000712123909560264,0,0,0.00267046466085099,0.000178030977390066,0.000356061954780132,0,0,0,0,0.000712123909560264,0.00124621684173046,0.000890154886950329,0.00462880541214171,0.00178030977390066,0,0.000712123909560264,0,0.000178030977390066,0,0,0.000712123909560264,0.000178030977390066,0.00142424781912053,0.00249243368346092,0,0,0,0.000890154886950329,0.00178030977390066,0,0,0,0,0,0,0,0,0,0,0,0,0,0,0,0,0,0,0,0,0,0.000356061954780132,0,0.000356061954780132,0,0,0,0,0,0,0,0,0,0.000356061954780132,0,0,0,0,0,0,0,0.000356061954780132,0,0,0,0,0,0,0,0,0,0,0,0,0,0,0,0,0,0,0,0,0,0,0,0,0,0.000178030977390066,0,0.000178030977390066,0,0,0,0,0,0,0,0,0,0,0,0,0,0,0,0,0,0.000356061954780132,0,0.000534092932170198,0,0.000356061954780132,0,0,0.000534092932170198,0,0,0,0,0,0,0,0,0.000356061954780132,0,0,0,0,0.000178030977390066,0.000178030977390066,0.000178030977390066,0,0,0,0,0,0,0.000534092932170198,0,0,0,0,0,0,0,0,0,0.0010681858643404,0,0,0.000356061954780132,0.000890154886950329,0,0,0,0,0,CS8,control,sym,CS,FALSE
B11,0.110735267936621,0,0.0562577888552608,0.000890154886950329,0.140644472138152,0.129072458607798,0.0283069254050205,0.000712123909560264,0.00356061954780132,0.0569699127648211,0.0375645362293039,0.000178030977390066,0.00302652661563112,0.0336478547267225,0,0.106640555456649,0,0.0261705536763397,0,0.0083674559373331,0.000356061954780132,0.0121061064625245,0.013530354281645,0.0165568808972761,0.013530354281645,0.0179811287163967,0,0.0010681858643404,0,0.0158447569877159,0.00765533202777283,0,0,0.00213637172868079,0.00498486736692184,0.0112159515755741,0,0,0.010859889620794,0,0,0.000534092932170198,0.000534092932170198,0.00801139398255296,0.00480683638953178,0.000534092932170198,0.00160227879651059,0,0,0,0.0103257966886238,0.0072992700729927,0.00694320811821257,0.000890154886950329,0.0067651771408225,0,0,0.00391668150258145,0,0.000356061954780132,0,0.00356061954780132,0.0105038276660139,0.000178030977390066,0.00249243368346092,0,0,0.00373865052519138,0,0,0.00195834075129072,0,0,0.000712123909560264,0,0,0,0,0,0.00249243368346092,0.00178030977390066,0,0.000712123909560264,0,0,0,0.00213637172868079,0.000356061954780132,0.000356061954780132,0.00213637172868079,0,0,0.000712123909560264,0,0.00445077443475165,0.000534092932170198,0,0.00231440270607086,0.000890154886950329,0,0.00409471247997152,0.000356061954780132,0,0,0,0,0,0.000356061954780132,0.00124621684173046,0.000712123909560264,0,0.00231440270607086,0,0.00391668150258145,0,0.00267046466085099,0,0,0.000890154886950329,0,0.0010681858643404,0,0,0,0,0.000534092932170198,0,0.00142424781912053,0,0,0,0,0,0,0,0,0,0,0,0,0.000356061954780132,0,0,0,0,0,0,0,0,0,0.00178030977390066,0,0.000178030977390066,0,0,0,0.000534092932170198,0,0,0.000712123909560264,0.000534092932170198,0,0,0.000712123909560264,0,0,0,0,0.000178030977390066,0,0,0,0,0,0,0,0,0,0,0,0,0.000890154886950329,0,0,0,0,0,0.000356061954780132,0,0.0010681858643404,0,0,0,0,0.000356061954780132,0,0,0,0,0,0,0,0,0,0,0,0,0,0,0,0,0,0.000356061954780132,0,0,0,0.000178030977390066,0,0.000890154886950329,0,0,0,0,0,0,0,0,0.00338258857041125,0.000890154886950329,0,0.000890154886950329,0,0,0,0,0.000356061954780132,0,0,0,0,0,0,0,0,0,0,0,0,0,0,0,0,0,0,0,0,0,0,0.000712123909560264,0,0,0,0,0,CS9,control,sym,CS,FALSE
B12,0.00356061954780132,0.264554032401638,0,0.352857397187111,0.0151326330781556,0.0117500445077443,0,0.0083674559373331,0.0156667260103258,0,0.00694320811821257,0.0430834965283959,0.0145985401459854,0,0.00445077443475165,0,0.0156667260103258,0.00747730105038277,0,0.0172690048068364,0,0.00195834075129072,0.000356061954780132,0,0.00178030977390066,0,0.00213637172868079,0.0103257966886238,0.0614206871995727,0.00178030977390066,0,0.00872351789211323,0.0124621684173046,0.000356061954780132,0,0,0.0119280754851344,0.00498486736692184,0,0,0,0,0.0105038276660139,0,0.000712123909560264,0,0,0.00195834075129072,0,0,0,0,0,0,0,0,0.00623108420865231,0.00587502225387217,0,0,0.00178030977390066,0.00267046466085099,0,0,0,0,0,0,0.00356061954780132,0,0,0.00409471247997152,0.00391668150258145,0,0.0010681858643404,0.00231440270607086,0.00943564180167349,0.000890154886950329,0.00160227879651059,0.000890154886950329,0.00267046466085099,0,0,0,0.000534092932170198,0.000356061954780132,0,0,0,0,0,0.00587502225387217,0,0.000356061954780132,0,0,0.000178030977390066,0,0,0,0,0,0,0,0.00124621684173046,0.000356061954780132,0.00195834075129072,0,0,0,0,0,0,0,0,0,0,0.00160227879651059,0,0,0,0,0.000712123909560264,0.00142424781912053,0,0,0,0,0,0.000356061954780132,0,0,0,0,0,0,0,0,0,0,0.000178030977390066,0.0010681858643404,0.000712123909560264,0,0,0.000534092932170198,0,0.000534092932170198,0,0,0,0,0,0,0,0,0,0,0,0,0,0,0,0.00231440270607086,0,0,0,0,0,0,0,0,0.00124621684173046,0,0.00178030977390066,0,0,0.00178030977390066,0,0,0,0,0,0.000712123909560264,0,0,0,0,0,0.00195834075129072,0,0,0,0.00445077443475165,0,0,0,0,0,0,0,0,0,0,0,0,0,0.0010681858643404,0,0,0,0,0,0,0,0.000712123909560264,0,0,0,0,0.000356061954780132,0,0,0,0.00160227879651059,0.00178030977390066,0,0,0,0,0,0,0,0.000712123909560264,0,0,0,0,0.000178030977390066,0.00124621684173046,0,0,0,0,0,0,0,0,0.000356061954780132,0,0,0,0,0,0,0,0,0,0,0,0,0,0,0,CS10,control,sym,CS,FALSE
B9,0.194587858287342,0,0.104148121773189,0.00498486736692184,0.0101477657112338,0.0072992700729927,0.0413031867544953,0.00516289834431191,0.00409471247997152,0.129072458607798,0.00356061954780132,0,0.00231440270607086,0.00124621684173046,0.00142424781912053,0.094712479971515,0.000890154886950329,0.00231440270607086,0.00284849563824105,0.0615987181769628,0,0.00160227879651059,0.00213637172868079,0.00142424781912053,0.000890154886950329,0.00124621684173046,0.00356061954780132,0.00231440270607086,0,0.000890154886950329,0.0632009969734734,0,0.000178030977390066,0.00623108420865231,0.00142424781912053,0,0,0,0.0313334520206516,0,0,0.0110379205981841,0,0,0.00124621684173046,0.00534092932170198,0,0.000356061954780132,0.00213637172868079,0,0,0.0227879651059284,0,0.00142424781912053,0,0,0.000356061954780132,0.0121061064625245,0,0,0.000712123909560264,0.000712123909560264,0.0357842264554032,0,0,0.00623108420865231,0.0174470357842265,0,0,0,0.000534092932170198,0,0,0.00320455759302119,0,0,0,0,0,0,0,0,0.00213637172868079,0,0,0,0.000356061954780132,0,0.00302652661563112,0,0,0,0.00213637172868079,0,0,0,0,0,0,0,0,0.000712123909560264,0.000178030977390066,0,0,0.000178030977390066,0,0.00142424781912053,0.000178030977390066,0.00124621684173046,0,0.00516289834431191,0,0.0067651771408225,0,0.00320455759302119,0.000356061954780132,0,0.00320455759302119,0.00142424781912053,0.00445077443475165,0.000890154886950329,0.000178030977390066,0,0.000534092932170198,0.00445077443475165,0.00480683638953178,0.000712123909560264,0.000534092932170198,0,0.000356061954780132,0,0,0,0,0.000178030977390066,0,0,0,0,0,0,0,0,0.000356061954780132,0,0,0,0.000178030977390066,0,0.00338258857041125,0,0.000534092932170198,0,0,0,0.00302652661563112,0,0,0.00516289834431191,0.00551896029909204,0,0,0,0,0,0,0,0.00516289834431191,0,0,0,0,0,0,0,0,0,0,0,0,0.00391668150258145,0,0,0,0,0.000534092932170198,0.000534092932170198,0,0,0,0,0,0.000178030977390066,0.00427274345736158,0,0.000356061954780132,0,0,0,0,0,0,0,0,0,0,0,0,0,0,0,0.000890154886950329,0,0.000712123909560264,0,0.0010681858643404,0,0.000356061954780132,0,0,0,0,0,0,0,0,0,0.000890154886950329,0,0,0,0,0,0,0,0,0.000178030977390066,0.000356061954780132,0,0,0,0,0,0.00178030977390066,0,0,0.000356061954780132,0,0,0,0,0,0,0,0,0,0.00178030977390066,0.000178030977390066,0,0,0,0,0,CS7,control,sym,CS,FALSE
C1,0.10824283425316,0,0.0630229659960833,0.00249243368346092,0.138686131386861,0.142602812889443,0.0311554210432615,0.000534092932170198,0.00178030977390066,0.0642691828378138,0.0502047356239986,0.000356061954780132,0.000356061954780132,0.0311554210432615,0,0.0450418372796867,0,0.0226099341285384,0,0.00516289834431191,0.000178030977390066,0.0165568808972761,0.0158447569877159,0.0185152216485669,0.0206515933772476,0.0131742923268649,0.000178030977390066,0.00124621684173046,0,0.0165568808972761,0.0110379205981841,0,0,0.000534092932170198,0.010859889620794,0.0133523233042549,0,0,0.0131742923268649,0,0,0.00320455759302119,0,0.0121061064625245,0.00694320811821257,0.000712123909560264,0.00213637172868079,0,0.000356061954780132,0,0.010859889620794,0.00249243368346092,0.00640911518604237,0,0.00623108420865231,0,0,0.00338258857041125,0,0,0,0.0067651771408225,0.00338258857041125,0,0.00373865052519138,0,0,0.00445077443475165,0,0,0.00231440270607086,0,0,0.000890154886950329,0.000534092932170198,0.000356061954780132,0,0,0,0.00178030977390066,0.00231440270607086,0,0.000356061954780132,0,0,0,0.00142424781912053,0,0.00160227879651059,0.00373865052519138,0,0,0.0010681858643404,0,0.00231440270607086,0,0,0.00124621684173046,0.000178030977390066,0,0.00302652661563112,0.00124621684173046,0,0.00462880541214171,0,0,0,0.00427274345736158,0.0010681858643404,0.00124621684173046,0.00391668150258145,0.00267046466085099,0,0.00249243368346092,0,0.00409471247997152,0,0,0.00124621684173046,0.000534092932170198,0.00249243368346092,0,0,0,0,0.000356061954780132,0.00427274345736158,0.000534092932170198,0,0,0.000356061954780132,0,0,0,0,0,0,0,0,0,0,0,0,0,0.000178030977390066,0,0,0,0,0,0,0,0,0,0,0,0.000356061954780132,0,0,0.000712123909560264,0.000356061954780132,0,0,0,0,0,0,0,0.000178030977390066,0,0,0,0,0,0,0,0,0,0.000356061954780132,0,0,0.00142424781912053,0,0,0,0.000356061954780132,0.000356061954780132,0.000534092932170198,0,0,0,0,0,0,0,0,0,0,0,0,0,0,0,0,0,0,0,0,0,0,0.000178030977390066,0,0.000890154886950329,0,0.000890154886950329,0,0.000178030977390066,0,0.000356061954780132,0,0,0,0,0,0,0,0,0,0.000178030977390066,0,0,0,0,0,0,0,0,0,0,0,0,0,0,0,0,0,0,0,0,0,0.000178030977390066,0,0,0,0,0,0,0.000178030977390066,0.000890154886950329,0,0,0,0,0,CS11,control,sym,CS,FALSE
C10,0.421399323482286,0,0.18906889798825,0,0.00373865052519138,0.0140644472138152,0.0799359088481396,0.0462880541214171,0,0.000356061954780132,0,0.00480683638953178,0.0210076553320278,0,0.00178030977390066,0,0.0397009079579847,0,0,0,0,0,0,0,0,0,0,0.0115720135303543,0,0,0.00213637172868079,0,0.0151326330781556,0.00302652661563112,0.00231440270607086,0,0,0,0,0.00391668150258145,0,0,0.00623108420865231,0,0,0,0,0.00231440270607086,0,0,0.00142424781912053,0,0.00480683638953178,0.0231440270607086,0.00142424781912053,0,0.00872351789211323,0.00231440270607086,0.0067651771408225,0,0,0,0,0.0119280754851344,0,0,0,0,0,0,0,0,0,0,0,0.000356061954780132,0,0.00409471247997152,0,0,0,0,0,0,0.00961367277906356,0,0,0.00249243368346092,0,0,0,0,0,0,0,0,0,0,0,0.00249243368346092,0,0,0,0,0.00284849563824105,0,0,0,0,0,0,0,0,0,0.00872351789211323,0,0,0.00267046466085099,0.00373865052519138,0,0.000356061954780132,0,0,0,0,0.000534092932170198,0.00231440270607086,0,0.00925761082428343,0,0,0.000890154886950329,0,0.00338258857041125,0,0,0,0,0,0,0,0,0,0,0,0.00284849563824105,0,0,0,0,0,0,0,0.00480683638953178,0,0,0,0,0,0.00178030977390066,0,0,0,0,0,0,0,0,0,0,0.00462880541214171,0,0,0,0,0,0,0,0,0,0,0,0,0,0,0,0,0,0,0.0010681858643404,0,0,0,0,0,0,0,0,0,0,0,0,0,0,0,0,0,0,0,0,0,0,0,0,0,0,0,0,0,0,0,0,0,0,0,0,0,0,0,0,0,0,0,0,0,0,0,0,0,0,0,0,0,0,0,0,0,0,0,0,0,0.00178030977390066,0,0,0,0,0,0,0,0,0,0,0,0,PS7,plus2ab,sym,PS,FALSE
C11,0.301228413743991,0.00498486736692184,0.155599074238918,0,0.0078333630051629,0.00872351789211323,0.0884813957628627,0.0430834965283959,0,0.00160227879651059,0.00534092932170198,0,0.0863450240341819,0,0.00551896029909204,0,0.040591062844935,0.00516289834431191,0,0.000178030977390066,0,0,0,0.00249243368346092,0,0.00445077443475165,0,0.0218978102189781,0,0.000356061954780132,0,0.00249243368346092,0.0103257966886238,0,0.00267046466085099,0,0,0,0,0.00605305323126224,0,0.0569699127648211,0,0,0.00462880541214171,0.00445077443475165,0.00195834075129072,0.0072992700729927,0,0,0,0,0.00391668150258145,0.00943564180167349,0,0,0,0,0,0,0,0,0,0.00267046466085099,0,0,0,0.000534092932170198,0,0,0,0,0,0,0,0.0240341819476589,0,0.00480683638953178,0,0.00320455759302119,0,0,0.00231440270607086,0,0.000534092932170198,0,0.00694320811821257,0,0,0,0,0,0,0,0,0,0,0.00124621684173046,0.000178030977390066,0,0,0,0.00712123909560263,0,0,0.00338258857041125,0,0,0,0,0,0,0,0,0,0,0.00391668150258145,0,0,0.00534092932170198,0,0,0,0,0,0,0.000712123909560264,0,0.00534092932170198,0,0,0.00391668150258145,0,0.00267046466085099,0,0,0,0,0,0,0,0,0,0,0,0.00445077443475165,0,0,0.000534092932170198,0,0,0,0,0,0,0,0.000890154886950329,0,0,0,0,0,0,0,0,0,0,0,0,0,0.00587502225387217,0,0,0,0,0,0,0,0,0,0,0,0,0,0,0,0,0,0,0,0,0,0,0,0,0,0,0,0,0,0,0,0,0,0,0,0,0,0,0,0,0.00124621684173046,0,0,0,0,0,0,0,0,0,0.00409471247997152,0,0,0,0,0,0,0,0.00338258857041125,0,0,0,0,0,0,0,0,0,0,0.00462880541214171,0,0,0,0,0,0,0,0,0,0,0,0,0,0,0,0,0,0,0.00195834075129072,0,0,0,0,PS8,plus2ab,sym,PS,FALSE
C12,0.290546555100588,0,0.148833897098095,0.130140644472138,0.000890154886950329,0.000534092932170198,0.0726366387751469,0.00213637172868079,0.0010681858643404,0.0261705536763397,0,0,0.0067651771408225,0,0,0.000712123909560264,0.021719779241588,0,0.035072102545843,0.0124621684173046,0.0174470357842265,0,0,0,0,0,0,0.000356061954780132,0.00445077443475165,0,0,0,0.0083674559373331,0.0115720135303543,0,0,0.00694320811821257,0,0.00462880541214171,0.000534092932170198,0.0142424781912053,0,0,0,0,0.000712123909560264,0,0.00142424781912053,0.0154886950329357,0.00854548691472316,0,0.00320455759302119,0,0.000712123909560264,0,0.0126401993946947,0.00213637172868079,0,0,0.00534092932170198,0.00284849563824105,0,0,0.00320455759302119,0,0,0.00320455759302119,0,0,0.00854548691472316,0,0,0,0.00907957984689336,0.00195834075129072,0.00142424781912053,0,0.000890154886950329,0.00516289834431191,0,0,0.00178030977390066,0.000356061954780132,0.00373865052519138,0.00195834075129072,0.00534092932170198,0,0,0.00551896029909204,0,0,0,0,0.00498486736692184,0,0.000534092932170198,0.00320455759302119,0,0,0.00356061954780132,0,0.0010681858643404,0.00142424781912053,0,0,0,0,0,0,0,0,0,0,0,0.000356061954780132,0,0,0,0,0.000534092932170198,0,0,0,0.00338258857041125,0.00160227879651059,0,0.000356061954780132,0,0,0,0.00284849563824105,0,0,0,0,0.0010681858643404,0,0.00302652661563112,0,0.000534092932170198,0,0,0.00142424781912053,0.000178030977390066,0.000178030977390066,0.00160227879651059,0.00178030977390066,0.000712123909560264,0.000356061954780132,0.00284849563824105,0.00178030977390066,0,0.000178030977390066,0.000534092932170198,0,0,0,0.000178030977390066,0,0,0,0,0,0,0,0,0.000712123909560264,0.000178030977390066,0,0.0103257966886238,0,0,0,0,0,0,0.000178030977390066,0,0.00302652661563112,0.00231440270607086,0.000356061954780132,0,0,0,0,0,0,0,0,0,0,0.00284849563824105,0,0.000534092932170198,0,0,0,0.00231440270607086,0,0,0,0.000534092932170198,0.00142424781912053,0,0,0,0,0,0,0,0,0.000712123909560264,0,0.00160227879651059,0,0,0,0.00284849563824105,0,0,0,0,0,0,0,0,0.000534092932170198,0,0,0,0,0,0,0,0,0,0,0.00124621684173046,0,0,0,0,0,0,0,0.000356061954780132,0.0010681858643404,0,0.000712123909560264,0,0,0,0.000534092932170198,0,0,0,0,0,0.000178030977390066,0.00178030977390066,0,0,0,0,PS9,plus2ab,sym,PS,FALSE
C2,0.220758411963682,0,0.113761794552252,0.0083674559373331,0.0186932526259569,0.0142424781912053,0.0457539611892469,0.00338258857041125,0.00427274345736158,0.151504361758946,0.00694320811821257,0.000712123909560264,0.00712123909560263,0.00320455759302119,0,0.0655153996795442,0.00409471247997152,0.00231440270607086,0,0.00872351789211323,0.000890154886950329,0.00391668150258145,0.00373865052519138,0.00142424781912053,0.00267046466085099,0.0010681858643404,0.0010681858643404,0.00249243368346092,0,0.000890154886950329,0.037920598184084,0,0.0010681858643404,0.00124621684173046,0.0010681858643404,0,0,0.000712123909560264,0.0340039166815026,0.000356061954780132,0,0.0397009079579847,0.000890154886950329,0,0.00302652661563112,0.00267046466085099,0,0.00231440270607086,0.000712123909560264,0,0.000890154886950329,0.00462880541214171,0,0.00587502225387217,0,0,0.00231440270607086,0.0067651771408225,0,0.000712123909560264,0,0.00142424781912053,0.0124621684173046,0.00231440270607086,0,0,0.00320455759302119,0.000178030977390066,0,0,0.00213637172868079,0.000178030977390066,0,0.00249243368346092,0.00142424781912053,0.000712123909560264,0,0.000178030977390066,0,0.000178030977390066,0,0,0.000356061954780132,0,0.000534092932170198,0,0,0.000534092932170198,0.00195834075129072,0,0,0,0.0101477657112338,0,0,0.000534092932170198,0,0,0,0,0,0,0.000178030977390066,0,0,0,0,0.0172690048068364,0,0.0179811287163967,0,0.010681858643404,0,0.00534092932170198,0.000356061954780132,0.00694320811821257,0.000356061954780132,0,0.0010681858643404,0.000712123909560264,0.000712123909560264,0.00640911518604237,0.000356061954780132,0,0,0,0.00302652661563112,0.00480683638953178,0,0,0.00142424781912053,0,0.000356061954780132,0,0,0,0,0,0,0,0.000712123909560264,0,0,0,0,0,0,0,0,0,0.00160227879651059,0,0.00124621684173046,0,0,0,0.000534092932170198,0,0,0.000712123909560264,0.000534092932170198,0,0.000178030977390066,0,0,0,0,0.000356061954780132,0.00338258857041125,0,0,0,0,0,0,0,0,0,0.0010681858643404,0,0,0.00178030977390066,0,0,0,0,0,0.00391668150258145,0,0,0,0,0,0,0.000178030977390066,0,0,0,0,0,0,0,0,0,0,0,0,0,0,0,0.00498486736692184,0,0.00445077443475165,0,0.00231440270607086,0.000178030977390066,0.00124621684173046,0,0.000712123909560264,0,0,0,0,0,0,0,0,0,0.000890154886950329,0.00249243368346092,0,0,0,0,0,0,0,0,0,0,0,0,0,0,0.000356061954780132,0,0,0,0,0,0,0,0,0,0.00195834075129072,0,0,0,0.000890154886950329,0,0,0,0,0,CS12,control,sym,CS,FALSE
C3,0.00480683638953178,0.000178030977390066,0,0,0.194409827309952,0.118390599964394,0,0.0158447569877159,0.000890154886950329,0,0.111981484778351,0.00142424781912053,0.00373865052519138,0.086523055011572,0.0165568808972761,0,0,0.0279508634502403,0,0,0,0.0596403774256721,0.0354281645006231,0.021541748264198,0.0414812177318853,0.0372084742745238,0.00284849563824105,0.000890154886950329,0,0.0145985401459854,0,0,0.000534092932170198,0,0.00854548691472316,0.0181591596937867,0,0.000534092932170198,0,0.000178030977390066,0,0.000356061954780132,0,0.0267046466085099,0.0172690048068364,0.00160227879651059,0.00569699127648211,0.00178030977390066,0,0,0.0067651771408225,0,0.00765533202777283,0,0.00658714616343244,0,0,0,0.00480683638953178,0,0,0.0174470357842265,0,0.0010681858643404,0.00284849563824105,0,0,0.00462880541214171,0,0,0.00551896029909204,0,0.000534092932170198,0,0.00160227879651059,0.000712123909560264,0,0,0,0.00480683638953178,0.00231440270607086,0,0.000534092932170198,0,0,0,0.00409471247997152,0.000712123909560264,0,0.00961367277906356,0,0,0,0,0.00890154886950329,0.00142424781912053,0,0.00267046466085099,0.00124621684173046,0.000890154886950329,0.00658714616343244,0,0,0,0,0,0,0,0.00623108420865231,0,0.0072992700729927,0,0,0,0,0,0,0,0,0,0,0,0.000178030977390066,0,0,0,0,0,0,0,0,0,0,0,0,0,0,0,0,0,0,0,0,0,0.000178030977390066,0,0,0,0.000712123909560264,0,0,0,0,0,0,0,0,0,0,0,0,0,0,0,0,0,0,0,0,0,0,0,0.000534092932170198,0,0,0,0,0,0,0,0,0,0,0.000534092932170198,0.000178030977390066,0,0,0,0,0,0,0,0,0.000534092932170198,0,0,0,0,0,0,0,0,0.0010681858643404,0,0,0,0,0,0,0,0,0,0,0,0,0,0.000534092932170198,0,0,0,0,0,0,0,0,0,0,0,0,0,0.000356061954780132,0,0,0,0,0,0,0,0,0,0,0,0,0,0,0,0,0,0,0,0,0,0,0,0,0,0,0,0,0,0,0,0,0,RS8,recovery,sym,RS,FALSE
C4,0.0117500445077443,0,0.00373865052519138,0,0.0779775680968488,0.147409649278975,0.00605305323126224,0.0507388285561688,0.00267046466085099,0.00231440270607086,0.0357842264554032,0.0169129428520563,0.0133523233042549,0.0528752002848496,0.0808260637350899,0,0.00605305323126224,0.0343599786362827,0,0,0,0.0332917927719423,0.051450952465729,0.0302652661563112,0.0167349118746662,0.0295531422467509,0.0113939825529642,0.00142424781912053,0,0.00979170375645362,0,0,0.000890154886950329,0,0.0124621684173046,0.00516289834431191,0,0.000356061954780132,0,0.0010681858643404,0,0,0.000534092932170198,0.00747730105038277,0.00427274345736158,0.00356061954780132,0.056791881787431,0.00694320811821257,0,0,0.00534092932170198,0,0.00587502225387217,0.00302652661563112,0.00979170375645362,0,0,0.000178030977390066,0.0220758411963682,0,0,0.0185152216485669,0,0.000534092932170198,0.0345380096136728,0,0,0.0072992700729927,0,0,0.00712123909560263,0,0,0,0.00658714616343244,0.000534092932170198,0,0.000178030977390066,0,0.00320455759302119,0.0010681858643404,0,0.00249243368346092,0,0.000178030977390066,0,0.000356061954780132,0.00160227879651059,0,0.00284849563824105,0,0,0.0010681858643404,0,0.00640911518604237,0.00178030977390066,0.000356061954780132,0.00462880541214171,0.00195834075129072,0.000178030977390066,0.00605305323126224,0,0.000890154886950329,0.00694320811821257,0,0.00142424781912053,0,0,0.00142424781912053,0,0,0,0,0,0.00213637172868079,0,0,0.000890154886950329,0,0,0.000712123909560264,0,0,0,0,0,0,0,0,0,0,0,0.000534092932170198,0,0,0,0,0,0,0,0,0,0,0,0.000356061954780132,0.000178030977390066,0,0,0,0,0,0,0,0,0,0,0,0,0,0,0,0,0,0,0,0,0,0,0,0,0,0,0,0,0,0,0,0,0,0,0,0,0,0,0,0,0,0,0,0,0,0,0,0,0,0,0.000178030977390066,0,0,0,0,0,0,0,0,0,0.000890154886950329,0,0,0,0,0,0,0,0,0,0,0,0,0,0,0.000534092932170198,0,0,0,0,0,0,0,0,0.000356061954780132,0,0,0,0,0,0,0,0,0,0,0,0,0,0,0,0,0.000534092932170198,0,0,0,0,0,0,0,0,0,0,0,0,0,0,0,0,RS9,recovery,sym,RS,FALSE
C5,0.00195834075129072,0,0,0,0.158625600854549,0.167349118746662,0,0.0126401993946947,0.000890154886950329,0.000178030977390066,0.0886594267402528,0.00231440270607086,0.00623108420865231,0.0893715506498131,0.0149546021007655,0.000178030977390066,0,0.037742567206694,0,0,0,0.0386327220936443,0.0279508634502403,0.0309773900658715,0.0302652661563112,0.0206515933772476,0.00178030977390066,0.000712123909560264,0,0.024212212925049,0,0,0.000178030977390066,0,0.0261705536763397,0.0133523233042549,0,0,0,0.00195834075129072,0,0,0.000356061954780132,0.0210076553320278,0.0174470357842265,0.00124621684173046,0.024390243902439,0.00356061954780132,0,0,0.0117500445077443,0,0.0186932526259569,0.00320455759302119,0.0115720135303543,0,0,0,0.00516289834431191,0,0,0.00890154886950329,0,0.000356061954780132,0.0101477657112338,0,0,0.00551896029909204,0,0,0.00640911518604237,0,0,0,0.000534092932170198,0.000534092932170198,0,0.000356061954780132,0,0.00551896029909204,0.00694320811821257,0,0,0,0.000712123909560264,0,0.00516289834431191,0,0,0.00747730105038277,0,0,0.000712123909560264,0,0.00356061954780132,0.00160227879651059,0,0.00213637172868079,0,0,0.00391668150258145,0,0,0.00801139398255296,0,0,0,0,0.00178030977390066,0,0,0,0,0,0,0,0.000534092932170198,0,0,0,0,0,0,0,0,0,0,0.000356061954780132,0.000534092932170198,0,0,0,0,0.000534092932170198,0,0,0,0,0,0,0,0,0,0,0,0,0,0,0,0,0,0,0,0,0,0,0,0,0.000356061954780132,0,0,0,0,0,0,0,0,0,0,0,0,0,0,0,0,0,0,0,0,0,0,0,0,0,0,0,0,0,0,0,0,0,0,0,0,0,0,0,0,0.000178030977390066,0,0,0,0,0,0,0,0,0,0,0,0,0,0,0,0,0,0,0,0,0,0,0,0,0,0,0,0,0,0,0.000712123909560264,0,0,0,0,0,0,0,0,0,0,0,0,0,0,0,0,0,0,0,0,0,0,0,0,0,0,0,0,0,0,0,0.000178030977390066,0,RS10,recovery,sym,RS,FALSE
C6,0.00284849563824105,0,0,0,0.238917571657468,0.212390956026349,0,0.00498486736692184,0.000178030977390066,0,0.0559017269004807,0.00267046466085099,0.00249243368346092,0.0526971693074595,0.00872351789211323,0,0,0.0341819476588926,0,0,0,0.0208296243546377,0.0192273455581271,0.0195834075129072,0.0272387395406801,0.0195834075129072,0.00142424781912053,0.000890154886950329,0,0.0277728324728503,0,0,0.000534092932170198,0,0.0117500445077443,0.0233220580380986,0,0,0,0,0,0,0,0.0129962613494748,0.00694320811821257,0.000356061954780132,0.00569699127648211,0.00284849563824105,0,0,0.00907957984689336,0,0.0083674559373331,0,0.00640911518604237,0,0.000178030977390066,0,0.00480683638953178,0,0,0.00569699127648211,0,0.000356061954780132,0.00747730105038277,0,0,0.00569699127648211,0,0,0.00373865052519138,0.000712123909560264,0,0,0.000890154886950329,0,0,0,0,0.00267046466085099,0.00338258857041125,0,0,0,0,0,0.00249243368346092,0.000534092932170198,0,0,0.0462880541214171,0,0,0,0.00480683638953178,0.000712123909560264,0,0.00178030977390066,0,0,0,0,0,0.00979170375645362,0,0.00160227879651059,0,0,0.00195834075129072,0,0.0072992700729927,0,0,0,0,0,0,0,0,0,0,0,0,0,0,0,0,0,0.0115720135303543,0,0,0,0,0,0,0,0.0186932526259569,0,0,0,0,0,0,0,0.000178030977390066,0,0,0,0,0,0,0,0,0,0,0,0,0,0,0,0,0,0,0,0,0,0,0,0,0,0,0,0,0,0,0,0,0,0,0,0,0,0.00712123909560263,0,0,0,0,0,0,0,0.00818942495994303,0,0,0,0,0,0,0,0,0.000178030977390066,0,0,0,0,0,0,0,0,0,0,0,0,0,0,0,0,0,0,0,0,0,0,0,0,0,0,0,0,0,0,0.000356061954780132,0,0,0,0,0,0,0,0,0,0,0,0,0,0,0,0,0,0,0,0,0,0,0,0,0,0,0,0,0,0,0,0,0,RS11,recovery,sym,RS,FALSE
C7,0.0760192273455581,0,0.0411251557771052,0,0.0582161296065515,0.0719245148655866,0.0202955314224675,0.10788677229838,0.0113939825529642,0.00623108420865231,0.0172690048068364,0.00267046466085099,0.0279508634502403,0.0117500445077443,0.124443653195656,0.0204735623998576,0.0231440270607086,0.0165568808972761,0,0.00516289834431191,0,0.00587502225387217,0.00605305323126224,0.00801139398255296,0.00925761082428343,0.010859889620794,0.0181591596937867,0.00302652661563112,0.000534092932170198,0.00516289834431191,0.00569699127648211,0,0.00516289834431191,0,0.00267046466085099,0.00551896029909204,0,0,0,0.00391668150258145,0.00338258857041125,0.000890154886950329,0.00445077443475165,0,0.00498486736692184,0.0268826775858999,0,0.0121061064625245,0.000178030977390066,0,0.00747730105038277,0.00747730105038277,0.00178030977390066,0.0129962613494748,0.00445077443475165,0,0,0.00801139398255296,0.0145985401459854,0,0,0.00587502225387217,0.00302652661563112,0.00854548691472316,0.00142424781912053,0,0,0.00605305323126224,0,0,0.0067651771408225,0,0.00249243368346092,0,0,0.0101477657112338,0,0.00231440270607086,0,0.00462880541214171,0,0,0.0145985401459854,0,0.00142424781912053,0,0,0,0.00231440270607086,0,0,0,0,0,0,0.0172690048068364,0.000534092932170198,0.000534092932170198,0.00801139398255296,0.000356061954780132,0,0,0.00658714616343244,0,0,0.00854548691472316,0,0,0.00142424781912053,0,0,0.000178030977390066,0,0,0.00658714616343244,0,0.00427274345736158,0,0,0,0.00178030977390066,0,0.00178030977390066,0,0,0.00445077443475165,0,0,0.00160227879651059,0,0,0,0,0,0,0,0,0,0,0.00178030977390066,0.00142424781912053,0.000712123909560264,0,0,0,0,0,0,0,0,0,0,0,0,0,0,0.00124621684173046,0,0,0.000534092932170198,0,0,0,0,0,0,0,0,0,0,0,0.000534092932170198,0.0010681858643404,0,0,0,0,0,0,0,0,0,0,0.000890154886950329,0.00284849563824105,0,0,0,0,0,0,0,0,0,0,0,0.000712123909560264,0,0,0,0,0,0,0,0,0.00231440270607086,0.00462880541214171,0,0,0,0,0.000178030977390066,0,0,0,0,0,0,0.000178030977390066,0,0,0,0,0,0,0,0,0,0,0,0,0.00284849563824105,0,0,0,0,0,0,0,0,0,0,0,0,0.00249243368346092,0,0,0,0,0,0,0,0,0,0,0,0,0,0,0,0,0,0,0,RS12,recovery,sym,RS,FALSE
C8,0.0072992700729927,0,0.00302652661563112,0,0.175716574683995,0.128360334698237,0,0.0380986291614741,0.000712123909560264,0,0.0671176784760548,0.00587502225387217,0.0115720135303543,0.0870571479437422,0.0418372796866655,0,0,0.0272387395406801,0,0,0,0.0411251557771052,0.0398789389353748,0.0222538721737582,0.037920598184084,0.024390243902439,0.00409471247997152,0.000356061954780132,0,0.0206515933772476,0,0,0.000890154886950329,0,0.0078333630051629,0.0183371906711768,0,0,0,0.00160227879651059,0,0,0,0.0126401993946947,0.024390243902439,0.00124621684173046,0.00747730105038277,0.00445077443475165,0,0,0.00961367277906356,0,0.0138864162364251,0,0.00694320811821257,0,0,0,0.00623108420865231,0,0,0.00640911518604237,0,0,0.00409471247997152,0,0,0.00445077443475165,0,0,0.00498486736692184,0,0,0,0.00872351789211323,0,0,0,0,0.00569699127648211,0.00409471247997152,0,0.00142424781912053,0,0,0,0.00516289834431191,0.000356061954780132,0,0.00925761082428343,0,0,0,0,0.0067651771408225,0.00213637172868079,0,0.00249243368346092,0.00124621684173046,0,0.00480683638953178,0,0,0.00605305323126224,0,0.000890154886950329,0,0,0.00373865052519138,0,0.0083674559373331,0,0,0,0,0,0,0,0,0,0,0.00124621684173046,0,0,0,0,0,0,0,0,0,0,0,0,0,0,0,0,0,0,0,0,0,0,0.000178030977390066,0,0,0,0,0,0,0,0,0,0,0,0,0,0,0,0,0,0,0,0,0,0,0,0,0,0,0,0.000534092932170198,0,0,0,0,0,0,0,0,0,0,0.000712123909560264,0.000356061954780132,0,0,0,0,0,0,0,0,0,0,0,0.00409471247997152,0,0,0,0,0,0,0,0.000178030977390066,0,0,0,0,0,0.000178030977390066,0,0,0,0,0,0,0,0,0,0,0,0,0.00124621684173046,0,0,0,0,0,0,0,0,0,0,0,0,0,0,0,0,0,0,0,0,0,0,0,0,0,0,0,0,0,0,0,0,0,0,0,0,0,0,0,0,RS13,recovery,sym,RS,FALSE
C9,0.00640911518604237,0.00142424781912053,0.00551896029909204,0,0.00658714616343244,0.00907957984689336,0,0.307103435997864,0.0117500445077443,0.00124621684173046,0,0.0149546021007655,0.0286629873598006,0,0.239095602634858,0,0.0174470357842265,0.00178030977390066,0,0,0,0.000356061954780132,0,0,0.000712123909560264,0,0.019049314580737,0.00712123909560263,0,0.000890154886950329,0,0,0.00551896029909204,0,0.000356061954780132,0,0,0.00249243368346092,0,0.00427274345736158,0,0.00231440270607086,0.00409471247997152,0,0.00142424781912053,0.0525191383300694,0,0.0331137617945522,0,0,0.00213637172868079,0.00142424781912053,0,0.0149546021007655,0,0,0,0.00142424781912053,0.0560797578778707,0,0,0.000712123909560264,0,0.00178030977390066,0,0,0,0.000356061954780132,0,0,0,0,0.000356061954780132,0,0.00178030977390066,0.00231440270607086,0,0.00231440270607086,0,0,0,0,0.00854548691472316,0,0.000534092932170198,0,0,0.000356061954780132,0,0,0,0.00178030977390066,0.00480683638953178,0,0,0.0233220580380986,0,0,0.00854548691472316,0,0,0.00569699127648211,0.0117500445077443,0,0,0.00712123909560263,0,0,0,0,0,0,0,0,0,0,0,0.00213637172868079,0.000534092932170198,0,0.000712123909560264,0.00160227879651059,0.00195834075129072,0,0,0,0,0.00284849563824105,0,0,0,0,0,0.00320455759302119,0,0,0,0,0,0.000534092932170198,0,0.00213637172868079,0,0,0.00409471247997152,0,0,0.000534092932170198,0,0,0,0,0,0.000178030977390066,0,0,0,0.000356061954780132,0,0,0,0,0,0,0,0,0,0,0,0,0,0,0.00195834075129072,0,0,0,0,0,0,0,0,0,0,0.0072992700729927,0.00427274345736158,0.00694320811821257,0.0010681858643404,0,0,0,0,0,0,0,0,0,0,0,0,0,0,0,0.00302652661563112,0,0,0,0.00302652661563112,0,0,0,0,0,0,0,0,0.00213637172868079,0,0,0.00356061954780132,0,0,0.000356061954780132,0,0.000712123909560264,0,0,0,0,0,0,0,0,0,0,0,0,0,0,0,0,0,0,0,0,0,0,0,0,0,0,0,0,0,0.00142424781912053,0,0,0,0,0,0,0,0,0,0,RS14,recovery,sym,RS,FALSE
D1,0.230550115720135,0,0.13494748086167,0,0.0293751112693609,0.0227879651059284,0.0943564180167349,0.0562577888552608,0.00587502225387217,0,0.00284849563824105,0,0.0690760192273456,0,0.00872351789211323,0,0.0870571479437422,0,0,0,0,0,0,0,0.00142424781912053,0,0,0,0.00854548691472316,0.00231440270607086,0,0,0.0341819476588926,0,0.00818942495994303,0,0,0,0,0.0151326330781556,0,0.0357842264554032,0.00142424781912053,0,0,0.000534092932170198,0,0.000356061954780132,0,0,0.00302652661563112,0,0,0,0,0,0.00498486736692184,0.00498486736692184,0,0,0,0,0,0.00587502225387217,0,0,0,0,0,0,0.00801139398255296,0.00409471247997152,0,0,0,0.0199394694676874,0,0.00302652661563112,0,0,0,0,0.000890154886950329,0,0.00534092932170198,0,0,0.00373865052519138,0,0,0,0,0,0,0,0,0,0,0,0.00872351789211323,0,0,0,0,0.00427274345736158,0.000712123909560264,0,0,0,0,0,0,0,0,0.0010681858643404,0,0,0,0,0.00979170375645362,0,0.00765533202777283,0.00195834075129072,0,0,0,0.00160227879651059,0,0,0,0,0,0,0,0,0,0,0,0,0,0.00231440270607086,0,0,0,0,0,0,0.000712123909560264,0.0083674559373331,0,0,0,0,0,0,0.00694320811821257,0,0.00498486736692184,0,0,0,0,0,0,0,0,0,0.00445077443475165,0,0,0.00284849563824105,0.00872351789211323,0.00231440270607086,0,0,0,0,0,0,0,0,0,0,0,0,0,0,0,0,0,0,0,0,0,0,0,0,0,0,0,0,0,0,0,0,0.000712123909560264,0,0,0,0,0.00124621684173046,0,0,0,0,0,0,0,0,0,0,0,0,0,0,0,0,0,0,0,0,0,0,0,0,0,0.00160227879651059,0,0,0,0,0,0,0,0,0,0,0,0,0,0,0.00534092932170198,0,0,0,0,0,0,0,0,0,0,0,0,PS10,plus2ab,sym,PS,FALSE
D10,0.342353569521097,0,0.173402171977924,0.0820722805768204,0.0067651771408225,0.00409471247997152,0.083852590350721,0.00178030977390066,0.0010681858643404,0.0142424781912053,0.00231440270607086,0.000534092932170198,0.00142424781912053,0.000356061954780132,0,0.00178030977390066,0.00356061954780132,0.000178030977390066,0.0416592487092754,0.00747730105038277,0.0336478547267225,0.000712123909560264,0,0.000178030977390066,0,0.000534092932170198,0.000178030977390066,0.000890154886950329,0,0.00124621684173046,0,0.00409471247997152,0.00249243368346092,0.0185152216485669,0.00124621684173046,0,0.00694320811821257,0,0.00231440270607086,0,0.0142424781912053,0,0.00142424781912053,0,0,0.000890154886950329,0,0.0010681858643404,0.00124621684173046,0.0153106640555457,0,0.00391668150258145,0,0.0010681858643404,0,0.00765533202777283,0.000534092932170198,0.00338258857041125,0,0.0103257966886238,0.00623108420865231,0,0,0.000712123909560264,0,0.0119280754851344,0.0010681858643404,0,0,0.00373865052519138,0.000712123909560264,0.000178030977390066,0,0.00391668150258145,0,0,0,0.000890154886950329,0.0078333630051629,0.000534092932170198,0,0.00373865052519138,0.00178030977390066,0.00427274345736158,0,0.00498486736692184,0,0,0.00142424781912053,0,0,0.000178030977390066,0,0.00249243368346092,0,0.000534092932170198,0.00373865052519138,0,0,0.000178030977390066,0,0.000178030977390066,0.000890154886950329,0,0,0,0,0,0,0,0,0,0,0,0,0,0.000712123909560264,0,0.000178030977390066,0,0,0,0.000356061954780132,0.00124621684173046,0.00160227879651059,0,0,0.000356061954780132,0,0.000178030977390066,0.00124621684173046,0,0,0,0,0.00195834075129072,0,0.000534092932170198,0,0,0,0.000534092932170198,0.000534092932170198,0.00302652661563112,0.000178030977390066,0,0.00124621684173046,0,0,0.000356061954780132,0.000890154886950329,0.00302652661563112,0.0010681858643404,0,0,0,0,0,0.00178030977390066,0,0,0,0,0,0,0.000890154886950329,0.00391668150258145,0.000712123909560264,0,0,0,0,0,0,0,0,0.000712123909560264,0,0,0.000178030977390066,0.000534092932170198,0,0,0,0,0,0.000356061954780132,0,0,0,0,0.000534092932170198,0,0.000178030977390066,0,0,0,0,0,0,0,0,0,0,0,0,0,0,0,0.000890154886950329,0,0.000712123909560264,0,0.000534092932170198,0,0,0,0.0010681858643404,0,0,0,0,0,0,0,0.000178030977390066,0.000356061954780132,0,0,0,0,0,0,0.000356061954780132,0.000534092932170198,0,0,0,0.000178030977390066,0,0,0.000534092932170198,0,0.000178030977390066,0,0,0,0,0.000178030977390066,0,0,0,0.000178030977390066,0,0,0,0,0,0,0,0,0,0,0,CA7,control,apo,CA,FALSE
D11,0.0473562399857575,0,0.0268826775858999,0.332561865764643,0.00249243368346092,0.00267046466085099,0.0121061064625245,0.00302652661563112,0.00320455759302119,0.0434395584831761,0.00249243368346092,0.00160227879651059,0.00320455759302119,0,0,0.00391668150258145,0.0140644472138152,0.000712123909560264,0.0699661741142959,0.019049314580737,0.0747730105038277,0.0010681858643404,0.0010681858643404,0,0.00160227879651059,0,0.000356061954780132,0.00373865052519138,0,0.000356061954780132,0,0.00498486736692184,0.00302652661563112,0.0277728324728503,0,0,0.0254584297667794,0,0.00907957984689336,0.00124621684173046,0.0327576998397721,0,0,0,0.000178030977390066,0.00160227879651059,0,0.0010681858643404,0.0083674559373331,0.021541748264198,0,0.00373865052519138,0,0,0,0.0119280754851344,0.000890154886950329,0.00534092932170198,0.000356061954780132,0.013530354281645,0.0124621684173046,0,0,0.00142424781912053,0,0,0.00516289834431191,0,0,0.0131742923268649,0.000534092932170198,0,0,0.0072992700729927,0.000712123909560264,0.00124621684173046,0,0.000356061954780132,0.00943564180167349,0,0,0.0133523233042549,0.00249243368346092,0.0113939825529642,0.00124621684173046,0.00551896029909204,0,0,0.00284849563824105,0,0,0.000534092932170198,0,0.00658714616343244,0,0,0.00373865052519138,0,0.000356061954780132,0.000890154886950329,0,0.00124621684173046,0.000712123909560264,0,0,0.000534092932170198,0,0,0,0.00178030977390066,0,0,0,0,0,0,0.00267046466085099,0,0.000890154886950329,0,0,0,0,0.00160227879651059,0.00640911518604237,0.000178030977390066,0,0,0,0,0.00124621684173046,0,0.000712123909560264,0.00142424781912053,0,0.00213637172868079,0,0.00195834075129072,0,0,0,0,0.00534092932170198,0.00178030977390066,0.000356061954780132,0.000178030977390066,0.000356061954780132,0.000890154886950329,0,0.000890154886950329,0,0.00160227879651059,0.00160227879651059,0,0,0,0,0.000712123909560264,0,0,0,0,0,0.00124621684173046,0,0,0.000890154886950329,0,0,0,0.0010681858643404,0,0,0,0,0,0.000534092932170198,0,0.00302652661563112,0.000356061954780132,0.000534092932170198,0,0,0,0,0,0,0,0,0,0,0,0,0,0,0,0.000178030977390066,0,0,0.000178030977390066,0,0.00213637172868079,0,0,0,0,0,0,0,0,0,0,0,0,0,0.000356061954780132,0,0,0,0,0.000890154886950329,0,0,0,0,0,0.00160227879651059,0,0,0,0,0.00231440270607086,0,0,0.0010681858643404,0,0,0.000356061954780132,0,0,0,0.000178030977390066,0,0,0,0,0,0,0,0.000534092932170198,0,0,0,0,0,0,0,0,0,0,0,0,0,0,CA8,control,apo,CA,FALSE
D12,0.452554744525547,0.000890154886950329,0.240519850453979,0,0.010681858643404,0.00445077443475165,0.102545842976678,0.0138864162364251,0,0,0.00356061954780132,0.000712123909560264,0.0206515933772476,0,0.00284849563824105,0,0.0174470357842265,0.00178030977390066,0,0,0,0.00231440270607086,0.000890154886950329,0.00409471247997152,0,0,0.000178030977390066,0.00391668150258145,0.00178030977390066,0.00142424781912053,0,0,0.00694320811821257,0,0,0,0,0,0,0.00480683638953178,0,0.00996973473384369,0.0010681858643404,0,0,0.000890154886950329,0,0.00516289834431191,0,0,0.00302652661563112,0,0.000356061954780132,0.0101477657112338,0,0,0.000534092932170198,0.000534092932170198,0,0,0,0,0,0.00302652661563112,0,0,0,0,0,0,0.00231440270607086,0.00195834075129072,0,0,0.00320455759302119,0.0067651771408225,0,0.00195834075129072,0,0,0.000534092932170198,0,0,0,0.00516289834431191,0,0,0.00320455759302119,0,0,0,0,0,0,0,0,0,0,0,0.00284849563824105,0,0.00267046466085099,0,0,0,0,0,0,0,0,0,0,0,0,0,0,0.000356061954780132,0.00338258857041125,0,0,0,0,0,0,0,0.000890154886950329,0.000890154886950329,0,0.0010681858643404,0,0.000178030977390066,0.00160227879651059,0,0.00160227879651059,0,0,0,0,0,0,0.00373865052519138,0,0,0,0.000890154886950329,0,0,0.000356061954780132,0.00213637172868079,0,0,0,0,0.00124621684173046,0,0.0010681858643404,0.00427274345736158,0.000890154886950329,0,0,0,0,0.000712123909560264,0,0,0,0,0,0,0,0,0,0,0,0,0,0,0,0,0,0,0,0,0.00142424781912053,0,0,0,0.00195834075129072,0,0,0.000534092932170198,0,0,0,0,0,0,0,0,0,0,0,0.00124621684173046,0,0,0.00213637172868079,0,0,0,0,0,0,0,0,0,0,0,0,0,0,0,0,0,0,0,0,0,0,0,0.0010681858643404,0,0,0,0,0,0,0,0,0,0,0,0,0,0,0,0.00160227879651059,0,0,0,0,0,0.000534092932170198,0,0,0,0,0,0,0,0,0,0,0,0,CA9,control,apo,CA,FALSE
D2,0.453444899412498,0,0.235356952109667,0,0.00427274345736158,0.0010681858643404,0.0988071924514866,0.024390243902439,0,0.00231440270607086,0.00320455759302119,0,0.0275948014954602,0,0.000712123909560264,0,0.013530354281645,0,0,0,0,0.000178030977390066,0,0,0,0,0,0.00480683638953178,0.00160227879651059,0,0.000178030977390066,0,0.00640911518604237,0,0.000178030977390066,0,0,0,0,0.0169129428520563,0,0.0126401993946947,0,0,0,0.00160227879651059,0.000890154886950329,0.00284849563824105,0,0,0,0,0,0.0124621684173046,0.000890154886950329,0,0.000178030977390066,0.000534092932170198,0,0,0,0,0,0.00124621684173046,0,0.0181591596937867,0,0,0.0010681858643404,0,0,0,0,0,0.000534092932170198,0.00142424781912053,0,0.00373865052519138,0,0.000356061954780132,0,0,0.00373865052519138,0,0,0,0,0.00338258857041125,0,0,0,0,0.00213637172868079,0,0,0,0,0.00124621684173046,0,0.0010681858643404,0,0.00373865052519138,0,0,0,0,0,0,0,0,0,0,0,0,0.0010681858643404,0,0,0.000534092932170198,0.00160227879651059,0.00178030977390066,0,0,0.000178030977390066,0,0,0,0.0010681858643404,0,0,0,0,0.00231440270607086,0,0,0,0.00124621684173046,0,0,0.00605305323126224,0,0.00462880541214171,0,0,0,0,0.000356061954780132,0,0.00124621684173046,0.000890154886950329,0,0,0,0,0,0,0,0.00195834075129072,0,0,0,0,0,0,0.000534092932170198,0,0,0,0,0,0,0.000178030977390066,0,0,0,0,0,0,0,0,0.000356061954780132,0,0,0,0,0,0,0,0,0,0,0,0,0,0,0,0,0,0,0,0,0,0,0,0,0,0,0,0,0,0,0,0,0,0,0,0,0,0,0,0,0,0,0,0,0.000534092932170198,0,0,0,0,0,0,0,0.000890154886950329,0,0,0,0,0,0,0,0,0,0,0,0,0,0,0.00231440270607086,0,0,0,0.000178030977390066,0,0,0,0.000890154886950329,0,0.000356061954780132,0,0,0,0,0,0,PS11,plus2ab,sym,PS,FALSE
D3,0.317607263663878,0,0.165390777995371,0,0.0113939825529642,0.00142424781912053,0.0909738294463237,0.0437956204379562,0.00534092932170198,0.00195834075129072,0.00320455759302119,0,0.115542104326153,0.00302652661563112,0.00427274345736158,0,0.0439736514153463,0.00178030977390066,0,0,0,0.000712123909560264,0,0.00302652661563112,0.000534092932170198,0,0.0010681858643404,0.00373865052519138,0.00498486736692184,0,0.00213637172868079,0,0.0149546021007655,0,0,0,0,0,0,0.024212212925049,0,0.0236781199928788,0,0,0,0.000534092932170198,0,0.00249243368346092,0,0,0,0,0.0010681858643404,0.00445077443475165,0,0,0.00338258857041125,0.00231440270607086,0,0,0,0,0,0.0147765711233755,0,0,0,0,0,0,0,0,0,0,0.00320455759302119,0.0072992700729927,0,0.00160227879651059,0,0,0,0,0,0,0.00445077443475165,0,0,0.00498486736692184,0,0,0,0,0,0,0,0,0,0,0,0.00569699127648211,0,0,0,0,0.00640911518604237,0,0,0,0,0,0,0,0,0,0,0,0,0,0,0,0,0,0.00516289834431191,0,0,0,0,0,0.000534092932170198,0,0.000356061954780132,0.0010681858643404,0.00267046466085099,0,0,0,0,0,0.00712123909560263,0.00267046466085099,0,0,0,0,0.00284849563824105,0.00124621684173046,0,0.00142424781912053,0,0,0,0,0,0,0,0,0.00178030977390066,0.00338258857041125,0,0,0,0,0,0,0,0,0,0.00160227879651059,0,0,0,0,0,0,0,0,0,0,0,0,0,0,0,0,0,0,0,0,0,0,0,0,0,0,0,0,0,0,0,0,0,0,0,0,0,0,0,0,0,0,0,0,0,0,0,0,0,0,0,0,0,0,0,0,0,0,0,0,0,0,0,0,0.0072992700729927,0,0,0.00284849563824105,0,0,0,0,0.00462880541214171,0,0,0,0,0,0,0,0,0,0,0.00195834075129072,0,0,0,0,0,0,0,0,0,0,0,0,PS12,plus2ab,sym,PS,FALSE
D4,0.374043083496528,0,0.184084030621328,0,0.0115720135303543,0.0156667260103258,0.0954246038810753,0.00516289834431191,0,0,0,0.00178030977390066,0.10877692718533,0,0.0010681858643404,0,0.00854548691472316,0,0,0,0,0.00142424781912053,0,0.00178030977390066,0,0,0,0.00409471247997152,0,0.00160227879651059,0,0,0,0,0,0,0,0,0,0.0427274345736158,0,0.00249243368346092,0,0,0,0.00178030977390066,0,0,0,0,0,0,0,0.00658714616343244,0,0,0,0.00284849563824105,0,0,0,0,0,0.00302652661563112,0,0.0124621684173046,0,0,0,0,0,0.00391668150258145,0,0,0.00605305323126224,0.000712123909560264,0,0.0163788499198861,0,0,0,0,0,0,0.00694320811821257,0,0,0.00765533202777283,0,0,0,0,0.00373865052519138,0,0,0,0,0.000534092932170198,0,0.000534092932170198,0,0.00178030977390066,0,0,0,0,0,0,0,0,0,0,0,0,0.00979170375645362,0.00231440270607086,0,0.0010681858643404,0,0.00765533202777283,0,0.00302652661563112,0.00249243368346092,0,0,0,0,0,0,0,0,0.00178030977390066,0,0,0.000890154886950329,0,0,0,0.0110379205981841,0.000356061954780132,0,0,0,0,0.0010681858643404,0,0,0,0.00765533202777283,0,0,0,0,0.00284849563824105,0,0.000356061954780132,0,0.00178030977390066,0,0,0,0,0,0,0,0,0,0.00142424781912053,0,0,0,0.0010681858643404,0,0,0,0,0,0,0,0,0,0,0,0,0,0,0,0,0,0.00427274345736158,0,0,0,0,0,0,0,0,0,0,0,0,0,0,0,0,0,0.0010681858643404,0,0,0,0,0,0,0,0.000534092932170198,0,0,0,0,0,0,0,0,0,0,0,0,0,0,0,0,0.00178030977390066,0,0,0,0,0,0,0,0,0,0,0,0,0,0,0.000534092932170198,0,0,0,0,0,0,0,0,0,0,0,0,0,0,0,0,AS8,plus0ab,sym,AS,FALSE
D5,0.435107708741321,0,0.21701976143849,0,0.00694320811821257,0.00534092932170198,0.104860245682749,0.00231440270607086,0,0,0.00356061954780132,0,0.02706070856329,0,0,0,0.0283069254050205,0.000712123909560264,0,0,0.00409471247997152,0,0,0,0,0,0,0.010859889620794,0.00480683638953178,0,0,0,0.0112159515755741,0,0.000890154886950329,0,0,0,0,0.0311554210432615,0,0.00160227879651059,0.0072992700729927,0,0,0,0,0,0,0,0,0.000890154886950329,0,0.0113939825529642,0,0,0,0.00231440270607086,0,0,0,0,0,0.00231440270607086,0,0,0,0,0,0,0,0,0,0,0.00409471247997152,0.000534092932170198,0,0.00302652661563112,0,0,0,0,0,0,0,0,0,0,0,0,0,0,0.00480683638953178,0,0,0,0,0,0,0.00213637172868079,0,0.000356061954780132,0,0,0,0,0,0,0,0,0,0,0,0,0.00178030977390066,0,0,0.0072992700729927,0.0010681858643404,0.00249243368346092,0,0.00427274345736158,0,0,0,0,0,0.00480683638953178,0.00427274345736158,0,0,0.00605305323126224,0.00249243368346092,0,0,0,0,0,0.00605305323126224,0,0,0,0,0,0,0.000356061954780132,0,0,0,0,0,0,0,0.00356061954780132,0,0.00480683638953178,0.000356061954780132,0,0,0,0,0,0,0,0,0,0,0,0,0,0.00231440270607086,0.00356061954780132,0,0,0,0,0,0,0,0,0,0,0,0,0,0,0,0,0,0,0,0,0,0,0,0,0,0,0,0,0,0,0,0,0,0.000712123909560264,0,0,0,0,0,0,0,0,0,0,0,0,0,0,0,0,0,0,0,0,0,0,0,0,0,0,0,0,0,0,0,0,0,0,0,0,0,0,0,0,0,0.000712123909560264,0,0,0,0,0,0,0,0,0,0,0,0,0.00801139398255296,0,0,0,AS9,plus0ab,sym,AS,FALSE
D6,0.43350542994481,0,0.231796332561866,0,0.0144205091685953,0.0121061064625245,0.115720135303543,0.00498486736692184,0,0.0010681858643404,0.00445077443475165,0,0.0163788499198861,0,0.00160227879651059,0,0.0147765711233755,0,0,0,0,0.00267046466085099,0,0,0,0,0,0.00569699127648211,0.00213637172868079,0.00124621684173046,0,0,0.00605305323126224,0,0,0,0,0,0,0.00462880541214171,0,0,0.00907957984689336,0,0,0.00231440270607086,0,0,0,0,0.000534092932170198,0,0,0.0170909738294463,0,0,0,0,0,0,0,0.00373865052519138,0,0.00480683638953178,0,0.0167349118746662,0,0,0,0,0,0.000356061954780132,0.00284849563824105,0,0,0.00160227879651059,0,0.000178030977390066,0,0.00124621684173046,0.00142424781912053,0,0,0,0.000890154886950329,0,0,0.000356061954780132,0,0,0.000712123909560264,0.00195834075129072,0.00195834075129072,0,0,0.00284849563824105,0.00195834075129072,0,0,0,0,0.00445077443475165,0,0,0.00142424781912053,0.000712123909560264,0,0,0,0,0,0,0,0,0.000712123909560264,0,0,0.00534092932170198,0,0.00302652661563112,0.000712123909560264,0,0.00178030977390066,0,0,0.000712123909560264,0,0,0,0,0.0010681858643404,0.00445077443475165,0.00160227879651059,0,0,0,0,0,0,0.00569699127648211,0,0,0,0,0,0.00178030977390066,0,0,0.00747730105038277,0,0,0,0,0,0,0.00480683638953178,0,0,0,0,0,0,0,0,0,0,0,0,0.00160227879651059,0,0,0,0,0,0,0,0,0,0,0,0,0,0,0,0,0,0,0,0,0,0,0,0,0,0,0,0,0,0,0.000178030977390066,0,0,0,0,0,0,0,0,0,0,0,0,0,0,0,0.00160227879651059,0,0,0,0,0,0,0.0010681858643404,0,0,0,0,0,0,0,0,0.00213637172868079,0,0,0,0,0,0,0,0,0.00142424781912053,0,0,0,0,0,0,0.000356061954780132,0,0,0,0,0,0,0,0,0,0,0,0,0,0,0,0,AS10,plus0ab,sym,AS,FALSE
D7,0.366921844400926,0,0.182481751824818,0,0,0,0.0633790279508634,0.0400569699127648,0,0,0,0,0.00569699127648211,0,0.00801139398255296,0,0.010681858643404,0,0,0,0,0,0.00587502225387217,0.0115720135303543,0,0,0,0.0178030977390066,0,0,0,0,0.0153106640555457,0,0.00231440270607086,0,0,0,0,0,0,0,0.0220758411963682,0,0.000534092932170198,0.00694320811821257,0,0.00160227879651059,0,0,0,0,0,0.0254584297667794,0,0,0,0.0067651771408225,0,0,0,0,0,0,0,0,0,0,0,0,0,0,0,0,0,0,0,0.00320455759302119,0,0,0,0,0,0.00640911518604237,0.00356061954780132,0,0,0,0,0,0,0,0,0,0,0,0,0,0,0,0,0,0.00587502225387217,0,0,0,0,0,0,0,0,0,0,0,0,0,0,0.0284849563824105,0,0,0,0,0,0,0,0,0,0,0,0,0.00551896029909204,0.0067651771408225,0,0,0.0733487626847071,0,0,0,0,0.0178030977390066,0,0,0,0,0,0,0,0,0.00356061954780132,0,0,0,0,0,0,0,0,0,0.00569699127648211,0,0,0,0,0,0,0,0,0,0,0,0,0.00445077443475165,0,0,0,0,0,0,0,0,0,0,0,0,0,0,0,0,0,0,0,0,0,0,0,0,0,0,0,0,0,0,0.00605305323126224,0,0,0,0,0.0178030977390066,0,0.0103257966886238,0,0,0,0,0,0,0,0,0,0,0,0,0,0.00712123909560263,0,0,0,0,0,0,0,0,0,0,0,0,0,0,0,0,0,0,0,0,0,0,0,0,0,0,0,0,0,0,0.000534092932170198,0,0,0,0,0,0,0,0,0,AS11,plus0ab,sym,AS,FALSE
D8,0.420687199572726,0,0.249421399323482,0,0.00462880541214171,0.00231440270607086,0.106462524479259,0.00284849563824105,0,0.0010681858643404,0.00124621684173046,0.0010681858643404,0.0154886950329357,0,0,0,0.0685419262951754,0,0,0,0,0,0,0,0,0,0,0,0,0,0.0010681858643404,0,0.0129962613494748,0.00124621684173046,0,0,0,0,0,0.00979170375645362,0,0,0,0,0,0.00445077443475165,0,0.00178030977390066,0,0,0,0,0,0.0176250667616165,0.00178030977390066,0,0,0.00124621684173046,0,0,0,0,0,0.00658714616343244,0,0.0142424781912053,0,0,0,0,0.00178030977390066,0,0,0,0.00356061954780132,0.00142424781912053,0,0.00178030977390066,0,0,0,0,0,0,0.00569699127648211,0,0,0.0010681858643404,0,0,0,0,0,0,0,0,0,0,0,0.000356061954780132,0,0,0,0,0.00302652661563112,0,0,0,0,0,0,0,0,0,0,0,0.00284849563824105,0.0072992700729927,0,0,0,0.0010681858643404,0,0,0,0,0,0,0,0,0,0,0.000534092932170198,0.00480683638953178,0,0,0,0,0,0,0,0,0,0,0,0.000356061954780132,0,0.00195834075129072,0,0,0,0,0,0,0,0,0,0.00445077443475165,0,0.00178030977390066,0,0,0,0,0,0,0,0,0,0,0.000534092932170198,0.0010681858643404,0.00249243368346092,0.000712123909560264,0,0,0,0,0,0,0,0,0,0,0,0,0,0,0,0,0,0,0,0,0,0,0,0,0,0,0,0,0,0,0,0,0,0,0,0,0,0,0,0,0,0,0,0,0,0,0,0,0,0,0,0,0,0,0,0,0,0,0,0,0,0.0010681858643404,0,0,0,0,0,0,0,0,0,0,0,0,0,0,0,0,0,0.00373865052519138,0,0,0,0,0,0,0,0,0,0,AS12,plus0ab,sym,AS,FALSE
D9,0.481039700907958,0,0.285917749688446,0,0.000890154886950329,0.000178030977390066,0.129784582517358,0.00213637172868079,0.000534092932170198,0.000356061954780132,0,0,0.0119280754851344,0,0,0,0.00640911518604237,0.000356061954780132,0,0,0,0,0,0,0,0,0,0.0010681858643404,0,0,0.000890154886950329,0,0.00195834075129072,0,0,0,0,0,0,0.0101477657112338,0,0,0.000178030977390066,0,0,0.0010681858643404,0,0.000356061954780132,0,0,0,0,0,0.0072992700729927,0,0,0,0.000178030977390066,0,0,0,0,0,0.00124621684173046,0,0.0149546021007655,0,0,0,0,0,0.00267046466085099,0,0,0.000534092932170198,0,0,0.00124621684173046,0,0,0,0,0,0.000712123909560264,0,0,0,0.0072992700729927,0,0,0,0,0.000890154886950329,0,0,0,0,0,0,0.000712123909560264,0,0,0,0,0.000712123909560264,0,0,0,0,0,0,0,0,0,0,0,0.000534092932170198,0,0,0,0,0,0.0010681858643404,0,0,0,0,0,0,0,0.000712123909560264,0.00195834075129072,0,0.000356061954780132,0,0,0,0,0,0.00178030977390066,0,0,0,0,0,0,0,0.0010681858643404,0,0,0,0,0,0,0,0.00142424781912053,0,0,0,0,0,0,0,0,0,0,0,0.00124621684173046,0,0,0.000178030977390066,0,0,0,0,0,0,0,0,0,0,0,0,0,0,0,0,0,0.00747730105038277,0,0,0,0.00640911518604237,0,0,0,0,0,0,0,0,0,0,0,0,0,0,0,0,0,0,0,0,0,0,0,0,0,0,0.000356061954780132,0,0.0010681858643404,0,0,0,0,0,0,0,0,0,0,0,0,0,0,0.000534092932170198,0,0,0,0,0,0,0,0,0,0,0.000178030977390066,0,0,0,0,0,0,0,0,0,0,0,0,0,0,0,0,AS13,plus0ab,sym,AS,FALSE
E1,0.00284849563824105,0.000534092932170198,0.00178030977390066,0.113227701620082,0.0078333630051629,0.00267046466085099,0.0010681858643404,0.00373865052519138,0.00712123909560263,0.0254584297667794,0.00213637172868079,0.00249243368346092,0.00373865052519138,0,0,0.0192273455581271,0.0397009079579847,0,0.0954246038810753,0.0131742923268649,0.127648210788677,0,0,0.00160227879651059,0,0,0,0.00231440270607086,0,0.000890154886950329,0,0.000712123909560264,0.0144205091685953,0.0400569699127648,0.0010681858643404,0,0.0327576998397721,0,0.00712123909560263,0.00320455759302119,0.040413031867545,0,0.00302652661563112,0,0.000178030977390066,0.00373865052519138,0,0.00124621684173046,0.00445077443475165,0.0366743813423536,0,0.00534092932170198,0,0,0,0.0128182303720847,0.00231440270607086,0.00356061954780132,0,0.0364963503649635,0.0156667260103258,0,0,0.00818942495994303,0,0,0.00320455759302119,0.000534092932170198,0.00178030977390066,0.0137083852590351,0,0.00249243368346092,0,0.00801139398255296,0.00302652661563112,0.00302652661563112,0,0.000356061954780132,0.0103257966886238,0,0,0.0236781199928788,0.00320455759302119,0.0072992700729927,0.00267046466085099,0.0142424781912053,0,0.000534092932170198,0.00338258857041125,0,0.000356061954780132,0.00142424781912053,0,0.00907957984689336,0,0,0.00569699127648211,0.000178030977390066,0,0.00213637172868079,0,0.00142424781912053,0.00338258857041125,0,0.00338258857041125,0,0,0,0,0,0,0,0,0,0,0,0.00623108420865231,0,0.000534092932170198,0.000534092932170198,0,0,0.000890154886950329,0.00480683638953178,0.00284849563824105,0,0,0,0,0.000712123909560264,0.00124621684173046,0,0.00160227879651059,0.0010681858643404,0.000890154886950329,0.00498486736692184,0.000356061954780132,0.0010681858643404,0,0.00142424781912053,0,0.000534092932170198,0.00142424781912053,0.00480683638953178,0.0010681858643404,0.00178030977390066,0.00623108420865231,0.00178030977390066,0,0.00356061954780132,0,0.00195834075129072,0.00409471247997152,0.00195834075129072,0.0083674559373331,0,0,0.000534092932170198,0.00462880541214171,0,0,0,0,0.000178030977390066,0,0,0,0.00160227879651059,0,0,0.00302652661563112,0,0,0,0,0,0.00640911518604237,0,0.00160227879651059,0.00284849563824105,0.000356061954780132,0,0,0,0,0,0.000356061954780132,0,0,0.00213637172868079,0,0.00320455759302119,0,0.000534092932170198,0,0.000178030977390066,0.000356061954780132,0.00284849563824105,0,0,0.00801139398255296,0.00284849563824105,0,0,0,0,0,0,0,0,0,0.000712123909560264,0,0.00338258857041125,0,0,0,0.00124621684173046,0,0,0.000534092932170198,0,0,0.00124621684173046,0,0,0.000534092932170198,0,0,0,0,0.000712123909560264,0,0.000712123909560264,0.0010681858643404,0,0.0010681858643404,0,0.000890154886950329,0.000178030977390066,0,0,0,0,0,0.000356061954780132,0.000356061954780132,0,0,0.000178030977390066,0.000178030977390066,0,0.000534092932170198,0.000712123909560264,0,0,0.000356061954780132,0,0,0,0,0,0,0,CA10,control,apo,CA,FALSE
E10,0.000356061954780132,0.257254762328645,0,0.170019583407513,0.0932882321523945,0.113049670642692,0,0.0368524123197436,0.0167349118746662,0.000890154886950329,0.0281288944276304,0.0197614384902973,0.00320455759302119,0.0163788499198861,0.00516289834431191,0.000712123909560264,0.00427274345736158,0.0254584297667794,0,0.00569699127648211,0,0.00623108420865231,0.00623108420865231,0.0103257966886238,0.00694320811821257,0.0142424781912053,0.00516289834431191,0.00516289834431191,0.0183371906711768,0.0122841374399145,0,0.00818942495994303,0,0,0.00284849563824105,0.00818942495994303,0.000890154886950329,0.00356061954780132,0,0.000534092932170198,0,0,0.00925761082428343,0.00480683638953178,0.00320455759302119,0.000534092932170198,0.00142424781912053,0.00249243368346092,0.000356061954780132,0,0.00801139398255296,0.000356061954780132,0.00445077443475165,0,0.00551896029909204,0.000356061954780132,0.00302652661563112,0.00178030977390066,0,0,0,0.000712123909560264,0.000890154886950329,0.000534092932170198,0.000356061954780132,0,0,0.00178030977390066,0.00195834075129072,0,0.00462880541214171,0.00178030977390066,0.00124621684173046,0,0,0.000356061954780132,0,0.000356061954780132,0,0.00445077443475165,0.00178030977390066,0,0,0,0.000178030977390066,0,0.00195834075129072,0,0,0,0,0.000534092932170198,0,0,0.00302652661563112,0,0,0.00213637172868079,0.000178030977390066,0,0,0,0,0,0,0.000534092932170198,0.00338258857041125,0,0.000712123909560264,0,0,0,0.00231440270607086,0,0,0,0,0,0,0,0,0,0.0010681858643404,0,0,0,0,0,0,0,0,0,0,0,0,0,0,0,0,0.000534092932170198,0.0010681858643404,0.000890154886950329,0,0,0.000356061954780132,0.000178030977390066,0,0,0,0,0,0.000356061954780132,0.000178030977390066,0,0,0,0,0,0,0,0,0,0,0.000178030977390066,0,0,0,0,0,0,0.000356061954780132,0,0.000178030977390066,0,0.000712123909560264,0,0,0.000356061954780132,0,0,0,0,0,0,0,0,0.000890154886950329,0,0,0,0,0,0,0,0,0.000356061954780132,0.000890154886950329,0,0.000356061954780132,0,0,0,0,0,0,0,0,0.000178030977390066,0,0,0,0.000712123909560264,0,0,0,0.000712123909560264,0,0,0,0,0.000534092932170198,0,0,0.000712123909560264,0,0,0,0,0,0,0,0,0,0,0,0,0,0,0,0,0,0,0,0,0,0,0,0,0.000356061954780132,0,0,0.000178030977390066,0,0,0,0,0,0,0,0,0,0,0,0,PA7,plus2ab,apo,PA,FALSE
E11,0.00124621684173046,0.278618479615453,0,0.294641267580559,0.0423713726188357,0.0119280754851344,0,0.0128182303720847,0.00516289834431191,0.00195834075129072,0.0122841374399145,0.0293751112693609,0.0117500445077443,0.00640911518604237,0.00267046466085099,0,0.0208296243546377,0.00694320811821257,0,0.0176250667616165,0,0.00427274345736158,0.00284849563824105,0.00551896029909204,0.00391668150258145,0.00534092932170198,0.00320455759302119,0.0204735623998576,0.0247463058572192,0.00356061954780132,0,0.0277728324728503,0.00605305323126224,0,0.00498486736692184,0.00267046466085099,0.0169129428520563,0.000890154886950329,0,0.000890154886950329,0,0,0.00765533202777283,0,0.00213637172868079,0.00160227879651059,0.0010681858643404,0.000890154886950329,0.00284849563824105,0,0.000890154886950329,0.00178030977390066,0.00178030977390066,0,0,0,0.0101477657112338,0.00338258857041125,0,0,0,0.000356061954780132,0,0.00409471247997152,0,0,0,0.000712123909560264,0.00231440270607086,0,0.0010681858643404,0.00213637172868079,0.00391668150258145,0,0.00160227879651059,0.00213637172868079,0,0.000890154886950329,0,0.00231440270607086,0,0.0010681858643404,0.000534092932170198,0,0.000890154886950329,0,0.00249243368346092,0,0,0,0.000356061954780132,0.00284849563824105,0,0,0,0,0.00178030977390066,0,0,0.00178030977390066,0,0,0,0,0,0.000178030977390066,0.00445077443475165,0,0.000534092932170198,0,0,0,0,0,0,0,0.00284849563824105,0,0.000178030977390066,0,0,0,0.000356061954780132,0,0,0,0,0,0,0.00142424781912053,0,0,0.000534092932170198,0,0,0,0,0,0,0.000712123909560264,0.000712123909560264,0,0,0,0,0.000178030977390066,0,0.0010681858643404,0,0,0,0.00142424781912053,0,0.000534092932170198,0,0,0,0,0,0,0,0,0.00160227879651059,0.000890154886950329,0,0.000890154886950329,0,0,0,0,0.00142424781912053,0,0,0.00124621684173046,0.00124621684173046,0,0,0.00302652661563112,0,0,0.0010681858643404,0,0,0,0,0,0,0,0,0,0,0,0,0,0,0.00160227879651059,0.0010681858643404,0,0.000178030977390066,0,0,0,0,0,0,0.000890154886950329,0,0,0.00231440270607086,0,0,0,0,0,0,0,0,0,0,0.000356061954780132,0.000356061954780132,0,0,0,0.000356061954780132,0.000534092932170198,0,0,0,0,0.000712123909560264,0,0,0.00124621684173046,0,0,0.000356061954780132,0,0.000712123909560264,0.00124621684173046,0,0,0.00124621684173046,0.00160227879651059,0,0,0,0,0,0.000356061954780132,0,0,0,0,0,0,0,0,0,0,0,0,0,0.000178030977390066,PA8,plus2ab,apo,PA,FALSE
E2,0.253338080826064,0,0.122129250489585,0.0687199572725654,0.00267046466085099,0.00160227879651059,0.0612426562221827,0.00498486736692184,0.00320455759302119,0.0585721915613317,0.00142424781912053,0.000356061954780132,0.00320455759302119,0,0,0.00267046466085099,0.00979170375645362,0.000356061954780132,0.0393448460032046,0.0291970802919708,0.0307993590884814,0.000356061954780132,0,0,0.000356061954780132,0,0.000534092932170198,0.00801139398255296,0,0,0,0,0.00302652661563112,0.0320455759302119,0,0,0.0078333630051629,0,0.0158447569877159,0.00178030977390066,0.0138864162364251,0,0.000534092932170198,0,0,0.00320455759302119,0,0.000356061954780132,0.0179811287163967,0.0167349118746662,0,0.00302652661563112,0.000534092932170198,0.000534092932170198,0,0.0202955314224675,0.00195834075129072,0.00373865052519138,0,0.0101477657112338,0.0185152216485669,0,0,0.00178030977390066,0,0,0.00747730105038277,0,0,0.0138864162364251,0,0,0,0.0078333630051629,0.000712123909560264,0.00373865052519138,0,0.000534092932170198,0.00409471247997152,0,0,0.00498486736692184,0.000890154886950329,0.00320455759302119,0.00195834075129072,0.00551896029909204,0,0,0.00142424781912053,0,0,0.0010681858643404,0,0.00694320811821257,0,0,0.00249243368346092,0,0,0.0010681858643404,0,0.00284849563824105,0.00160227879651059,0,0,0,0,0,0,0,0,0,0,0,0,0,0.00124621684173046,0,0.000534092932170198,0,0,0,0,0.000356061954780132,0.00178030977390066,0,0,0,0,0.00338258857041125,0.00409471247997152,0,0,0.000712123909560264,0,0.00142424781912053,0,0.00320455759302119,0,0.000712123909560264,0,0,0.00213637172868079,0.000712123909560264,0,0.00142424781912053,0.000534092932170198,0.000356061954780132,0,0.00231440270607086,0,0.0010681858643404,0.000890154886950329,0.000712123909560264,0,0,0,0,0,0,0,0,0,0.000356061954780132,0,0,0.00178030977390066,0,0,0,0,0,0,0,0,0,0.000178030977390066,0,0.000178030977390066,0.000356061954780132,0.00124621684173046,0,0,0,0,0,0.000534092932170198,0,0,0,0,0,0,0,0,0,0,0.000178030977390066,0,0.00516289834431191,0,0.000890154886950329,0,0,0,0.000712123909560264,0,0,0,0.00213637172868079,0,0,0,0,0,0,0,0,0,0,0,0,0,0,0,0,0,0,0,0,0,0,0,0,0.000356061954780132,0,0,0.00178030977390066,0,0,0,0,0,0.000890154886950329,0.000178030977390066,0.000356061954780132,0,0,0,0,0,0,0.00231440270607086,0,0,0,0,0,0,0.000356061954780132,0,0.00356061954780132,0,0,CA11,control,apo,CA,FALSE
E3,0.338258857041125,0,0.173758233932704,0.0655153996795442,0,0,0.0712123909560263,0.00391668150258145,0.00249243368346092,0.0133523233042549,0,0.000712123909560264,0.00249243368346092,0,0,0.00267046466085099,0.00373865052519138,0,0.0413031867544953,0.0183371906711768,0.021719779241588,0,0,0,0,0,0.000178030977390066,0.00765533202777283,0,0,0,0.000712123909560264,0.000356061954780132,0.0149546021007655,0,0,0.0117500445077443,0,0.00213637172868079,0.00178030977390066,0.0160227879651059,0,0.000712123909560264,0,0,0.00124621684173046,0,0.000712123909560264,0.0201175004450774,0.00961367277906356,0,0.00462880541214171,0,0.000356061954780132,0,0.0133523233042549,0,0.00623108420865231,0,0.00854548691472316,0.0179811287163967,0,0,0.000356061954780132,0,0,0.00534092932170198,0,0,0.00890154886950329,0,0,0.000712123909560264,0.00587502225387217,0.000534092932170198,0.00124621684173046,0,0,0.00640911518604237,0,0,0.00124621684173046,0.00160227879651059,0.00462880541214171,0.000356061954780132,0.00409471247997152,0,0,0.00320455759302119,0,0,0.00480683638953178,0,0.00284849563824105,0,0.000356061954780132,0.00213637172868079,0,0,0,0,0.00409471247997152,0.000712123909560264,0,0.000534092932170198,0,0,0,0,0,0,0,0,0,0,0,0.000712123909560264,0,0.00213637172868079,0.000178030977390066,0,0,0,0.00267046466085099,0.0010681858643404,0.000178030977390066,0,0,0,0.000712123909560264,0.000890154886950329,0,0.000356061954780132,0,0,0.000890154886950329,0,0.00320455759302119,0,0,0,0,0.000712123909560264,0.00338258857041125,0.000178030977390066,0,0.00231440270607086,0,0,0.0010681858643404,0,0.000356061954780132,0.00142424781912053,0.000712123909560264,0.00249243368346092,0,0,0,0.00249243368346092,0,0,0,0,0,0,0,0.00213637172868079,0,0,0,0.000178030977390066,0,0,0,0,0,0,0,0.000356061954780132,0.000178030977390066,0.00178030977390066,0,0,0,0,0,0.000356061954780132,0,0,0,0,0.0010681858643404,0,0,0,0,0,0.000712123909560264,0,0.000356061954780132,0,0.000178030977390066,0,0,0,0,0,0,0,0,0,0,0,0.00124621684173046,0,0,0,0,0,0,0,0,0,0,0,0.000178030977390066,0.00142424781912053,0,0,0,0,0,0,0.000712123909560264,0.000712123909560264,0,0,0,0,0,0,0,0,0,0,0.000534092932170198,0.000356061954780132,0,0.000178030977390066,0,0,0,0,0,0,0,0,0,0,0.000712123909560264,0,0,0,0,CA12,control,apo,CA,FALSE
E4,0.000890154886950329,0.185330247463059,0,0,0.051272921488339,0.083674559373331,0,0.102901904931458,0.147943742211145,0,0.0409471247997151,0.0664055545664946,0.00373865052519138,0.013530354281645,0.00801139398255296,0.000356061954780132,0.00534092932170198,0.0210076553320278,0,0.00551896029909204,0.000356061954780132,0.0194053765355172,0.00587502225387217,0.00516289834431191,0.00605305323126224,0.00747730105038277,0.0341819476588926,0.00427274345736158,0.00623108420865231,0.00605305323126224,0,0.00943564180167349,0.00249243368346092,0,0.0110379205981841,0.00373865052519138,0.000356061954780132,0.018871283603347,0,0.000890154886950329,0,0,0.00605305323126224,0.0072992700729927,0.00587502225387217,0.00267046466085099,0.000356061954780132,0.00409471247997152,0.00124621684173046,0,0.00213637172868079,0.0010681858643404,0.00373865052519138,0,0.00587502225387217,0,0.00480683638953178,0.000356061954780132,0,0,0,0.00213637172868079,0,0.00213637172868079,0.000890154886950329,0,0.000356061954780132,0.00445077443475165,0.00516289834431191,0,0.00516289834431191,0.00302652661563112,0.00356061954780132,0,0.000178030977390066,0.000712123909560264,0,0,0,0.000534092932170198,0.00391668150258145,0,0.000534092932170198,0,0,0,0.00409471247997152,0.00142424781912053,0.00124621684173046,0.00195834075129072,0,0,0,0,0,0,0,0.000178030977390066,0.00142424781912053,0.000178030977390066,0,0,0.000534092932170198,0,0.0010681858643404,0.00249243368346092,0,0,0.00124621684173046,0,0,0,0.00267046466085099,0,0,0,0,0.0010681858643404,0,0,0,0,0,0,0,0,0,0.000534092932170198,0,0.00267046466085099,0,0,0.00178030977390066,0,0,0,0,0,0,0,0.000356061954780132,0.000534092932170198,0,0,0,0,0,0.00124621684173046,0,0,0,0,0,0,0,0,0,0,0,0,0,0,0.00231440270607086,0.0010681858643404,0,0.000178030977390066,0,0,0,0,0,0,0.00195834075129072,0,0.000534092932170198,0,0,0.000356061954780132,0,0,0,0,0,0,0.0010681858643404,0.000534092932170198,0,0,0,0,0,0,0,0.000712123909560264,0,0,0,0,0,0,0,0,0,0,0.00124621684173046,0,0,0,0.000178030977390066,0,0,0.000178030977390066,0,0,0,0,0,0,0,0.000356061954780132,0.000712123909560264,0,0.000534092932170198,0,0,0,0,0,0,0,0,0,0,0,0,0,0,0.000890154886950329,0,0.000534092932170198,0,0,0,0,0,0,0,0,0.0010681858643404,0,0,0,0,0,0,0.00160227879651059,0,0,0,0,0,0,0,0.000178030977390066,RA7,recovery,apo,RA,FALSE
E5,0,0.291970802919708,0,0,0.0482463948727078,0.0516289834431191,0.0010681858643404,0.128716396653018,0.200106818586434,0.00320455759302119,0.0170909738294463,0.0500267046466085,0.000712123909560264,0.00587502225387217,0.0174470357842265,0.000890154886950329,0.00979170375645362,0.00480683638953178,0,0.00213637172868079,0,0.00338258857041125,0.00373865052519138,0.00462880541214171,0.00534092932170198,0.00498486736692184,0.0313334520206516,0.000356061954780132,0.010681858643404,0.00338258857041125,0.000712123909560264,0.00462880541214171,0.00480683638953178,0.000178030977390066,0.00427274345736158,0.00462880541214171,0.000178030977390066,0.0133523233042549,0,0.000178030977390066,0,0.000890154886950329,0.00142424781912053,0.00356061954780132,0.00213637172868079,0.00712123909560263,0,0.00534092932170198,0.000356061954780132,0,0.00213637172868079,0,0.00391668150258145,0,0.00231440270607086,0,0,0.000890154886950329,0,0,0,0.000356061954780132,0,0.00178030977390066,0,0,0,0.000890154886950329,0.00160227879651059,0,0.0010681858643404,0.000890154886950329,0.00195834075129072,0.00124621684173046,0.000890154886950329,0.00231440270607086,0,0.000178030977390066,0,0.00160227879651059,0.00195834075129072,0,0.0010681858643404,0,0.000890154886950329,0,0.00178030977390066,0,0,0,0,0,0,0,0,0,0,0.000534092932170198,0.00320455759302119,0.000178030977390066,0,0,0.000534092932170198,0,0.000712123909560264,0.000890154886950329,0,0,0.000356061954780132,0,0,0.000178030977390066,0,0,0,0,0.000178030977390066,0,0,0,0,0,0.000178030977390066,0,0,0,0,0,0,0,0,0,0,0.000534092932170198,0,0,0,0,0,0,0,0.00160227879651059,0,0,0.00124621684173046,0.000356061954780132,0,0.000178030977390066,0,0,0,0,0,0.000890154886950329,0,0,0,0,0,0,0,0,0,0,0,0,0,0,0,0,0,0.000178030977390066,0,0,0,0,0,0,0,0,0,0,0,0,0.00124621684173046,0,0,0,0,0,0,0,0,0,0,0.000356061954780132,0,0,0,0,0,0,0,0,0,0,0,0,0,0,0.000356061954780132,0.000178030977390066,0,0,0,0,0,0,0,0,0.000178030977390066,0,0.000712123909560264,0,0,0,0,0,0,0,0,0,0,0,0,0,0,0,0,0,0,0,0,0,0,0,0,0,0,0,0,0,0,0,0,0,0,0,0,0,0,0,0,0,RA8,recovery,apo,RA,FALSE
E6,0.00178030977390066,0.331849741855083,0,0,0.0272387395406801,0.0213637172868079,0,0.118212568987004,0.222004628805412,0,0.00694320811821257,0.0470001780309774,0.000534092932170198,0.00480683638953178,0.0126401993946947,0,0.00462880541214171,0.00623108420865231,0,0,0.0117500445077443,0.00569699127648211,0.00480683638953178,0.00480683638953178,0.00178030977390066,0.00480683638953178,0.0263485846537297,0.00569699127648211,0.00961367277906356,0.00124621684173046,0,0.000178030977390066,0.00142424781912053,0,0.00160227879651059,0,0,0.0468221470535873,0,0.000534092932170198,0,0,0.0010681858643404,0,0.000712123909560264,0.00694320811821257,0.00640911518604237,0.00694320811821257,0,0,0.000890154886950329,0,0.000534092932170198,0.000890154886950329,0.00249243368346092,0,0,0,0,0,0,0.00391668150258145,0,0.000534092932170198,0.00213637172868079,0,0,0.00142424781912053,0,0,0.0010681858643404,0,0.000534092932170198,0,0.000890154886950329,0.00124621684173046,0.0110379205981841,0.000178030977390066,0,0.000712123909560264,0,0,0.000356061954780132,0,0.000890154886950329,0,0,0.000534092932170198,0,0,0,0,0,0,0,0,0,0.000712123909560264,0.00534092932170198,0.000356061954780132,0,0,0.000890154886950329,0,0.000178030977390066,0.00213637172868079,0,0,0.000712123909560264,0,0,0,0,0,0,0,0,0,0,0,0,0,0.00124621684173046,0,0,0,0,0,0,0,0,0,0,0,0,0,0,0,0,0,0,0.000712123909560264,0,0,0.000712123909560264,0,0,0,0,0,0,0,0,0,0,0,0,0.000178030977390066,0,0,0,0,0,0,0,0,0,0,0,0,0,0.000890154886950329,0,0,0,0,0,0,0,0,0,0,0,0,0.000534092932170198,0,0,0,0,0.000712123909560264,0,0,0,0,0,0,0,0,0,0,0,0,0,0,0,0,0,0,0,0,0,0,0,0,0,0,0,0,0,0,0,0,0,0,0,0,0,0,0,0,0,0,0,0,0,0,0,0,0,0,0,0,0,0,0,0,0,0,0,0,0,0,0,0,0,0,0,0,0,0,0,0,0,0,RA9,recovery,apo,RA,FALSE
E7,0.00124621684173046,0.225565248353213,0,0,0.0849207762150614,0.0605305323126224,0,0.110023144027061,0.128182303720847,0,0.0265266156311198,0.0632009969734734,0.00267046466085099,0.0169129428520563,0.0067651771408225,0,0.00996973473384369,0.0153106640555457,0,0.00427274345736158,0.000890154886950329,0.0138864162364251,0.0103257966886238,0.0072992700729927,0.0083674559373331,0.00801139398255296,0.0172690048068364,0.0156667260103258,0.0072992700729927,0.010681858643404,0,0.00480683638953178,0.00462880541214171,0,0.00801139398255296,0.00961367277906356,0.000178030977390066,0.00890154886950329,0,0.000356061954780132,0,0,0.00320455759302119,0.00569699127648211,0.00640911518604237,0.00338258857041125,0.00302652661563112,0.00640911518604237,0.000178030977390066,0,0.00516289834431191,0,0.0072992700729927,0.00124621684173046,0.00409471247997152,0,0.00338258857041125,0.000712123909560264,0,0,0,0.00249243368346092,0,0.00231440270607086,0.00249243368346092,0,0,0.00445077443475165,0,0,0.00249243368346092,0.00231440270607086,0.00160227879651059,0,0.00373865052519138,0.0010681858643404,0,0.000178030977390066,0,0.00498486736692184,0.00516289834431191,0,0.000356061954780132,0,0.000890154886950329,0,0.00195834075129072,0,0,0.00231440270607086,0,0.000178030977390066,0,0,0,0,0.000712123909560264,0.0010681858643404,0.00178030977390066,0.000178030977390066,0,0,0.000890154886950329,0,0.00124621684173046,0.00160227879651059,0,0,0.00231440270607086,0,0,0,0,0,0,0,0.000356061954780132,0,0,0,0,0,0,0,0,0,0,0.000356061954780132,0,0,0,0,0.000534092932170198,0.000534092932170198,0,0,0,0,0,0,0.000356061954780132,0.000890154886950329,0,0,0.000356061954780132,0,0,0.000178030977390066,0,0,0,0,0,0,0,0,0,0,0.000178030977390066,0,0,0,0,0,0,0.000178030977390066,0.000356061954780132,0,0,0,0,0,0,0,0,0,0,0.000534092932170198,0,0,0,0,0,0,0,0,0.000178030977390066,0,0,0,0,0,0,0,0,0.000356061954780132,0,0,0,0,0,0,0,0,0,0,0,0,0,0,0,0.000534092932170198,0,0,0,0.000534092932170198,0,0,0,0,0,0,0.0010681858643404,0,0.000178030977390066,0,0,0,0,0,0,0,0,0.000178030977390066,0,0,0.000534092932170198,0,0.000178030977390066,0,0,0,0,0,0,0,0,0,0.000178030977390066,0,0,0,0,0,0,0,0,0,0,0,0,0,0,0,RA10,recovery,apo,RA,FALSE
E8,0.00178030977390066,0.35178921132277,0,0,0.00160227879651059,0,0,0.158447569877159,0.214349296777639,0,0,0.094712479971515,0.024212212925049,0,0.016200818942496,0,0.00979170375645362,0.00178030977390066,0,0,0,0.0067651771408225,0,0,0.00142424781912053,0,0.0288410183371907,0.00320455759302119,0.00925761082428343,0,0,0,0.00694320811821257,0,0,0,0,0.0202955314224675,0,0,0,0,0,0,0,0.00551896029909204,0.00195834075129072,0.0137083852590351,0,0,0,0,0,0,0,0,0,0,0,0,0,0,0,0,0,0,0,0,0,0,0,0,0,0,0,0,0,0.00124621684173046,0,0,0,0,0,0,0.000534092932170198,0,0,0.000712123909560264,0,0,0,0,0,0,0,0,0,0,0.00231440270607086,0,0,0,0,0,0,0,0,0,0,0.000534092932170198,0,0,0,0,0,0,0,0,0,0,0,0,0,0,0,0,0,0,0,0,0,0,0,0,0,0,0,0,0,0,0,0.00373865052519138,0,0,0.000178030977390066,0.0010681858643404,0,0,0,0,0,0,0,0,0,0,0,0,0,0,0,0,0,0,0,0,0,0.00302652661563112,0,0,0,0.0113939825529642,0,0,0,0,0,0,0,0,0,0,0,0,0,0,0,0,0,0,0,0,0,0.00267046466085099,0,0,0,0,0,0,0,0,0,0,0,0,0,0,0,0,0,0,0,0,0,0,0,0,0,0,0,0,0,0,0,0,0,0,0,0,0,0,0,0,0,0,0,0,0,0,0,0,0,0,0,0,0,0,0,0,0,0,0,0,0,0,0,0,0,0,0,0,0,0,RA11,recovery,apo,RA,FALSE
E9,0.00409471247997152,0.291614740964928,0,0,0.0185152216485669,0.016200818942496,0,0.16165212747018,0.10806480327577,0.00195834075129072,0.00409471247997152,0.123553498308706,0.00178030977390066,0.00213637172868079,0.00480683638953178,0.000534092932170198,0.0192273455581271,0.00231440270607086,0,0.0103257966886238,0,0.000534092932170198,0.00195834075129072,0.00284849563824105,0.00160227879651059,0.000890154886950329,0.0256364607441695,0.00587502225387217,0.00801139398255296,0.00124621684173046,0,0.0279508634502403,0.010681858643404,0,0.00142424781912053,0,0.00356061954780132,0.0235000890154887,0,0.0010681858643404,0,0,0.0163788499198861,0,0.000534092932170198,0.00587502225387217,0.000178030977390066,0.00569699127648211,0.00142424781912053,0,0.00160227879651059,0.00142424781912053,0,0,0,0,0.00605305323126224,0.00195834075129072,0.00178030977390066,0,0,0.000890154886950329,0,0.00534092932170198,0.000534092932170198,0,0.00267046466085099,0.000356061954780132,0.0083674559373331,0,0.000890154886950329,0.00267046466085099,0.00587502225387217,0,0.000178030977390066,0.00249243368346092,0,0,0,0,0.0010681858643404,0,0,0,0.00195834075129072,0,0,0,0,0,0.000178030977390066,0.000178030977390066,0,0,0,0,0.000890154886950329,0.00195834075129072,0.00249243368346092,0.00231440270607086,0,0,0,0,0,0.0010681858643404,0.000178030977390066,0,0.000534092932170198,0,0,0,0.00569699127648211,0,0,0,0.000890154886950329,0,0,0,0,0,0,0,0,0,0,0,0.000178030977390066,0.000356061954780132,0,0,0,0.00124621684173046,0,0,0,0,0,0,0,0.00356061954780132,0,0,0.000356061954780132,0.000534092932170198,0,0,0,0,0,0.000178030977390066,0,0,0,0,0,0,0,0,0,0,0.00195834075129072,0,0,0.00160227879651059,0,0.000534092932170198,0,0,0,0,0,0.000890154886950329,0,0,0,0.000178030977390066,0,0,0,0,0,0,0,0,0,0,0,0,0,0,0,0,0,0.000534092932170198,0,0,0.000890154886950329,0,0,0,0,0,0,0.000356061954780132,0,0,0.00124621684173046,0,0,0,0,0,0,0,0,0,0,0,0.000178030977390066,0,0,0,0.000534092932170198,0.000534092932170198,0,0,0,0,0.00142424781912053,0,0,0.0010681858643404,0.000178030977390066,0.000534092932170198,0,0,0,0.000356061954780132,0,0,0,0,0,0,0,0,0,0,0.000178030977390066,0,0,0,0,0,0,0,0,0,0,0,0,0.000178030977390066,RA12,recovery,apo,RA,FALSE
F1,0.000356061954780132,0.544596759836211,0,0.184618123553498,0.0129962613494748,0.010681858643404,0,0.0325796688623821,0.0382766601388642,0,0.00195834075129072,0.0156667260103258,0.00409471247997152,0.00302652661563112,0.00356061954780132,0,0.00996973473384369,0.00249243368346092,0,0.00694320811821257,0,0.00178030977390066,0.000178030977390066,0.00178030977390066,0.00178030977390066,0.000712123909560264,0.00373865052519138,0.00356061954780132,0.0455759302118569,0.00124621684173046,0,0.000534092932170198,0.00213637172868079,0.000712123909560264,0,0,0.00124621684173046,0.00961367277906356,0,0,0,0,0.00445077443475165,0,0.000712123909560264,0.00178030977390066,0,0.00195834075129072,0,0.000356061954780132,0,0.000356061954780132,0,0,0,0,0,0,0,0,0,0,0,0.00231440270607086,0,0,0,0,0.00391668150258145,0,0.000178030977390066,0.000890154886950329,0.00142424781912053,0,0.00160227879651059,0.000712123909560264,0.0186932526259569,0.000534092932170198,0,0,0.000356061954780132,0,0,0,0.000890154886950329,0,0.000534092932170198,0,0,0,0,0.00160227879651059,0,0.000712123909560264,0,0,0.000356061954780132,0,0.000356061954780132,0.000356061954780132,0,0,0,0,0.00124621684173046,0,0.000890154886950329,0,0,0,0,0,0,0,0,0,0.000178030977390066,0,0,0,0,0,0.000178030977390066,0,0,0,0,0,0,0,0,0,0.000712123909560264,0,0,0,0,0,0,0,0,0.000534092932170198,0,0,0,0.000890154886950329,0,0,0,0,0,0.000712123909560264,0,0,0,0.000356061954780132,0,0,0,0,0,0,0,0,0,0,0,0.000534092932170198,0,0,0,0,0,0,0,0,0,0,0,0,0.000178030977390066,0,0,0,0,0,0.000178030977390066,0,0,0,0,0,0,0,0,0.000534092932170198,0,0,0,0,0,0,0,0,0,0,0,0,0,0,0,0,0,0,0,0,0,0,0,0,0,0,0,0,0,0.000534092932170198,0,0,0,0,0,0,0,0,0,0,0,0,0.000178030977390066,0,0,0,0.000534092932170198,0.000178030977390066,0,0,0,0,0,0,0,0,0,0,0,0,0,0,0,0,0,0,0,0,PA10,plus2ab,apo,PA,FALSE
F2,0,0.434039522876981,0,0.194943920242122,0.0642691828378138,0.0583941605839416,0,0.0145985401459854,0.00872351789211323,0,0.0149546021007655,0.0195834075129072,0.00356061954780132,0.00462880541214171,0.00338258857041125,0,0.00409471247997152,0.00818942495994303,0,0.00534092932170198,0,0.00480683638953178,0.00160227879651059,0.00409471247997152,0.00498486736692184,0.0110379205981841,0.00320455759302119,0.00409471247997152,0.0375645362293039,0.00658714616343244,0,0.00195834075129072,0.00213637172868079,0,0.00445077443475165,0.00605305323126224,0,0.00142424781912053,0,0.000356061954780132,0,0,0.00142424781912053,0.00569699127648211,0.00249243368346092,0.000356061954780132,0.00142424781912053,0.000712123909560264,0.00178030977390066,0,0.00231440270607086,0.000356061954780132,0.00142424781912053,0,0,0,0,0.000534092932170198,0,0,0,0,0,0,0.00356061954780132,0,0,0.0010681858643404,0.000178030977390066,0,0.00160227879651059,0.000712123909560264,0.00356061954780132,0,0.000356061954780132,0.00142424781912053,0.0138864162364251,0.000890154886950329,0,0,0,0,0,0,0.0010681858643404,0,0.0010681858643404,0,0,0,0,0.000890154886950329,0,0,0,0,0,0.00231440270607086,0,0.000534092932170198,0,0,0,0,0.00213637172868079,0.000712123909560264,0.000712123909560264,0,0.0010681858643404,0,0,0,0,0,0,0,0,0,0,0,0,0,0,0,0,0.000534092932170198,0,0,0,0,0,0,0,0.000712123909560264,0,0,0,0,0,0,0,0.000356061954780132,0,0,0.000356061954780132,0,0,0,0,0,0,0.000178030977390066,0,0,0,0,0,0.00267046466085099,0,0,0,0,0,0,0,0,0,0,0,0,0,0,0.0010681858643404,0.00178030977390066,0,0,0,0,0,0,0,0,0,0,0,0,0.000712123909560264,0,0,0,0,0,0,0,0,0,0,0,0,0,0,0,0,0,0,0,0.000534092932170198,0,0,0,0,0.000356061954780132,0,0,0,0.000178030977390066,0,0,0,0,0,0.000890154886950329,0,0,0,0,0,0,0,0,0,0,0,0,0,0,0,0,0,0,0,0,0,0,0,0,0,0,0,0,0.000178030977390066,0,0,0,0,0,0,0,0,0,0,0,0,0.000178030977390066,PA11,plus2ab,apo,PA,FALSE
F3,0,0.284849563824105,0,0.283069254050205,0.032401637884992,0.010681858643404,0,0.0165568808972761,0.0185152216485669,0.000178030977390066,0.0138864162364251,0.0144205091685953,0.0101477657112338,0.00569699127648211,0.000712123909560264,0,0.0163788499198861,0.00178030977390066,0,0.0115720135303543,0,0.00409471247997152,0.00391668150258145,0.00267046466085099,0.00213637172868079,0.00516289834431191,0.00623108420865231,0.0122841374399145,0.0291970802919708,0.000534092932170198,0,0.0138864162364251,0.00551896029909204,0.000178030977390066,0,0,0.0010681858643404,0.00267046466085099,0,0.00712123909560263,0,0,0.0145985401459854,0,0.00302652661563112,0.000890154886950329,0,0.0010681858643404,0.00142424781912053,0,0.000712123909560264,0.00213637172868079,0.00195834075129072,0,0,0,0.00854548691472316,0.00142424781912053,0.000890154886950329,0,0,0.00124621684173046,0,0.00231440270607086,0,0,0,0.000534092932170198,0,0,0.00213637172868079,0.00195834075129072,0.00462880541214171,0,0.00231440270607086,0,0.010859889620794,0.00605305323126224,0,0.00195834075129072,0,0,0,0,0.0010681858643404,0,0.00124621684173046,0.00124621684173046,0,0,0,0.0010681858643404,0,0,0,0,0.00124621684173046,0.000356061954780132,0,0.000890154886950329,0,0,0,0,0.000890154886950329,0.000890154886950329,0.00142424781912053,0,0.0010681858643404,0,0,0,0,0,0,0,0.000712123909560264,0,0,0,0,0,0,0,0,0,0,0,0,0.000534092932170198,0,0,0,0,0,0,0,0,0,0.000178030977390066,0,0,0,0,0,0,0,0.000712123909560264,0,0,0,0,0,0.0010681858643404,0,0,0,0.00160227879651059,0,0,0,0.0229659960833185,0.00284849563824105,0.000712123909560264,0.0224319031511483,0.000178030977390066,0,0.000356061954780132,0,0,0,0.00231440270607086,0.00178030977390066,0.00160227879651059,0,0.016200818942496,0,0.000712123909560264,0,0,0.000356061954780132,0,0,0,0,0,0.000534092932170198,0,0,0,0,0,0,0,0,0.00160227879651059,0.00142424781912053,0,0,0,0,0,0,0,0,0.000178030977390066,0,0.0010681858643404,0.00231440270607086,0,0,0,0,0,0,0.000534092932170198,0.00142424781912053,0,0,0.000178030977390066,0.000356061954780132,0.000356061954780132,0,0,0.00267046466085099,0,0,0,0,0,0,0,0,0.000178030977390066,0,0.000890154886950329,0,0,0,0,0,0,0.000890154886950329,0,0,0,0,0,0,0,0,0,0,0.000712123909560264,0,0,0,0,0,0,0,0,0.0072992700729927,0.000534092932170198,PA12,plus2ab,apo,PA,FALSE
F4,0,0.0010681858643404,0,0,0.0879473028306925,0.0781555990742389,0,0.0300872351789211,0.00356061954780132,0.00195834075129072,0.0083674559373331,0.0186932526259569,0.0867010859889621,0.00623108420865231,0.0115720135303543,0,0.0372084742745238,0.0137083852590351,0,0.0437956204379562,0,0.00907957984689336,0,0.00195834075129072,0,0,0,0.0587502225387217,0,0.00427274345736158,0,0.0646252447925939,0.0172690048068364,0,0.00801139398255296,0,0.0306213281110913,0,0,0.010681858643404,0,0,0.040413031867545,0,0.000890154886950329,0,0,0.00907957984689336,0.00818942495994303,0,0,0.00534092932170198,0.00142424781912053,0,0,0.00551896029909204,0.0153106640555457,0.010859889620794,0,0,0,0.00445077443475165,0,0.00534092932170198,0,0,0.010681858643404,0.00587502225387217,0.0167349118746662,0,0.0067651771408225,0.0103257966886238,0.0231440270607086,0,0.0010681858643404,0,0,0,0,0,0,0,0.00373865052519138,0,0,0,0,0,0,0,0,0.00284849563824105,0,0,0,0,0.0083674559373331,0,0.00765533202777283,0,0,0,0,0,0.00195834075129072,0.00284849563824105,0.013530354281645,0,0,0,0,0,0.016200818942496,0,0,0,0.00302652661563112,0.00249243368346092,0,0.00623108420865231,0,0,0,0,0,0,0,0.00569699127648211,0,0.0140644472138152,0,0,0.00462880541214171,0,0,0,0,0,0,0.00231440270607086,0.0113939825529642,0,0,0,0.00427274345736158,0,0,0,0,0,0,0,0,0.00284849563824105,0,0,0,0,0,0,0,0,0,0,0,0,0,0.00213637172868079,0,0,0,0,0,0,0.00462880541214171,0,0,0.00587502225387217,0,0.00124621684173046,0.00391668150258145,0,0,0,0,0,0,0,0,0.0010681858643404,0,0,0,0,0,0.00373865052519138,0,0,0.00427274345736158,0,0,0,0,0,0.00605305323126224,0,0,0.00124621684173046,0,0,0,0.00320455759302119,0,0,0,0,0,0,0,0.00551896029909204,0,0,0,0,0,0.00213637172868079,0,0,0,0,0,0,0,0,0,0,0,0,0.00213637172868079,0.00267046466085099,0,0,0.0067651771408225,0,0,0,0,0,0,0,0.0072992700729927,0,0,0,0,0,0,0,0,0,0,0,0,0.00623108420865231,AA2,plus0ab,apo,AA,FALSE
F5,0.00178030977390066,0,0,0,0.0685419262951754,0.0560797578778707,0,0,0,0,0.00890154886950329,0.0307993590884814,0.0489585187822681,0.00801139398255296,0,0,0.0311554210432615,0.00872351789211323,0,0.0211856863094178,0,0,0,0.0113939825529642,0.00373865052519138,0.00961367277906356,0,0.0274167705180701,0,0.00854548691472316,0,0.115542104326153,0.0103257966886238,0,0.0067651771408225,0,0.0461100231440271,0,0,0.0103257966886238,0,0,0.0359622574327933,0,0.00801139398255296,0,0.000890154886950329,0,0.0119280754851344,0,0.0117500445077443,0.00534092932170198,0,0,0.00569699127648211,0.00658714616343244,0.062132811109133,0.00373865052519138,0.00213637172868079,0,0,0,0,0,0,0,0,0,0.0605305323126224,0,0,0.0414812177318853,0.0235000890154887,0,0,0,0,0.018871283603347,0,0,0,0,0,0,0,0,0.00658714616343244,0.00302652661563112,0,0,0,0.0110379205981841,0,0,0,0,0.00979170375645362,0.0128182303720847,0,0,0,0,0,0,0,0.00195834075129072,0.00373865052519138,0,0,0,0,0,0.024390243902439,0,0,0,0,0,0,0,0,0,0,0,0,0.00142424781912053,0,0,0,0,0,0,0,0,0,0,0,0,0,0.00373865052519138,0,0,0,0,0,0,0,0,0,0,0,0.00623108420865231,0,0.00178030977390066,0,0.00480683638953178,0,0.00498486736692184,0,0,0,0,0.00623108420865231,0,0,0.0210076553320278,0,0.0083674559373331,0,0,0,0,0,0.00338258857041125,0.0083674559373331,0,0,0,0,0,0,0,0.00890154886950329,0,0,0,0,0,0,0,0,0,0,0,0,0,0,0,0,0,0,0,0,0,0,0,0,0,0.00373865052519138,0,0,0,0,0,0,0,0,0,0,0,0,0,0.00516289834431191,0,0,0.000712123909560264,0,0,0,0,0,0,0,0,0,0,0,0,0,0.00142424781912053,0,0,0,0,0,0,0,0,0,0,0,0,0,0,0,0,0,0,0,0,0,0,0,0.00391668150258145,AA3,plus0ab,apo,AA,FALSE
F6,0,0,0,0,0.00818942495994303,0.00356061954780132,0,0.00195834075129072,0,0,0,0.0290190493145807,0.0624888730639131,0,0,0,0.0804700017803098,0.00142424781912053,0.00765533202777283,0.100587502225387,0,0,0,0,0,0,0,0.0834965283959409,0.00534092932170198,0.00409471247997152,0,0.0156667260103258,0.0165568808972761,0,0,0,0.0272387395406801,0.00160227879651059,0,0.0306213281110913,0,0,0.0753071034359979,0,0,0,0.00587502225387217,0,0.0345380096136728,0,0,0.0147765711233755,0,0,0,0,0.0249243368346092,0,0,0,0.00979170375645362,0,0,0.0197614384902973,0,0,0.0274167705180701,0,0.040591062844935,0,0,0.00409471247997152,0.0316895139754317,0,0.00961367277906356,0.00623108420865231,0,0.00302652661563112,0,0,0,0,0,0,0.0267046466085099,0,0,0,0,0,0,0.0128182303720847,0,0.00178030977390066,0,0,0,0,0,0,0,0,0,0,0.00890154886950329,0,0,0,0,0,0,0,0,0,0,0,0,0,0.00480683638953178,0,0,0,0.0213637172868079,0,0,0,0,0,0,0.00872351789211323,0,0,0,0.00267046466085099,0,0,0,0,0,0,0,0,0,0,0,0.00498486736692184,0,0.00320455759302119,0,0,0,0.00569699127648211,0,0.00569699127648211,0,0,0,0,0,0,0,0,0.0249243368346092,0.010681858643404,0,0.00498486736692184,0,0,0,0,0,0,0,0.00427274345736158,0.00623108420865231,0,0,0.00907957984689336,0,0,0.00373865052519138,0,0,0,0,0,0,0,0,0,0,0,0,0,0,0,0,0,0,0,0,0,0,0,0,0,0,0,0,0,0,0.00516289834431191,0,0,0,0,0,0,0,0,0,0,0,0,0,0.000712123909560264,0,0,0,0,0,0,0,0.00516289834431191,0,0,0.00409471247997152,0,0.00569699127648211,0,0,0.00213637172868079,0.00391668150258145,0,0,0,0,0,0,0,0.00284849563824105,0,0,0,0,0,0.0113939825529642,0,0,0,0,0,0,0,AA9,plus0ab,apo,AA,FALSE
F7,0,0,0,0,0,0.00391668150258145,0,0,0,0,0,0.0101477657112338,0.115542104326153,0,0,0,0.0758411963681681,0,0,0.0685419262951754,0,0,0,0,0,0,0,0.0615987181769628,0.00284849563824105,0,0,0.0632009969734734,0.0578600676517714,0.0010681858643404,0.00124621684173046,0,0.0279508634502403,0,0,0.0507388285561688,0,0,0.0786896920064091,0,0,0,0,0.00640911518604237,0.00391668150258145,0,0,0.00480683638953178,0,0,0.0229659960833185,0,0,0.00587502225387217,0,0,0,0.00284849563824105,0,0.0133523233042549,0,0,0.0138864162364251,0,0.0268826775858999,0,0,0.0338258857041125,0.0165568808972761,0,0.0112159515755741,0,0,0.00213637172868079,0,0,0,0,0,0,0.00267046466085099,0,0,0.0238561509702688,0,0,0,0.0254584297667794,0,0,0,0,0,0,0.00605305323126224,0.0158447569877159,0,0,0,0,0.024212212925049,0,0,0,0,0,0,0,0,0,0.00373865052519138,0,0,0.00427274345736158,0,0,0,0,0,0,0,0,0,0,0,0,0,0,0,0.0105038276660139,0,0,0,0,0,0,0,0,0.00498486736692184,0,0,0,0,0.00320455759302119,0,0,0,0.00623108420865231,0,0,0,0.00996973473384369,0,0,0.00427274345736158,0,0,0,0,0,0,0,0,0.00587502225387217,0,0,0,0.000890154886950329,0,0.0124621684173046,0.00498486736692184,0,0,0,0,0,0,0,0,0,0,0,0,0,0,0,0,0,0,0,0,0.00872351789211323,0,0,0.00534092932170198,0,0,0,0,0,0,0,0,0,0,0,0,0,0,0,0,0.00712123909560263,0,0,0,0,0,0,0.00338258857041125,0,0,0.00551896029909204,0,0,0,0,0,0,0,0,0,0,0.00409471247997152,0,0,0,0,0,0,0,0,0,0,0,0,0.0124621684173046,0,0,0,0,0,0,0,0,0,0,0,0,0,0,AA10,plus0ab,apo,AA,FALSE
F8,0,0,0,0.00854548691472316,0.0078333630051629,0.00356061954780132,0,0.00872351789211323,0,0.00124621684173046,0,0.019049314580737,0.0240341819476589,0,0.0072992700729927,0,0.0356061954780132,0,0,0.0361402884101834,0,0,0,0.00178030977390066,0,0.00178030977390066,0,0.0340039166815026,0,0,0,0.105216307637529,0.0147765711233755,0.00160227879651059,0,0,0.0461100231440271,0,0,0,0,0,0.0347160405910628,0,0,0,0,0.00551896029909204,0.0119280754851344,0,0,0.0291970802919708,0,0,0,0.00694320811821257,0.105750400569699,0,0,0,0.00694320811821257,0,0,0.0067651771408225,0,0,0.0112159515755741,0,0.0354281645006231,0,0,0.0307993590884814,0.0277728324728503,0,0,0.00587502225387217,0,0.0067651771408225,0,0,0,0.00445077443475165,0,0.00391668150258145,0.00338258857041125,0,0,0.00231440270607086,0,0,0,0.00890154886950329,0,0,0,0,0.000890154886950329,0,0,0.00302652661563112,0,0,0.00267046466085099,0,0.00623108420865231,0,0.0754851344133879,0,0,0,0,0,0.0231440270607086,0,0,0,0,0,0.0078333630051629,0.000890154886950329,0,0,0.00587502225387217,0,0,0,0,0.00142424781912053,0.00178030977390066,0.00249243368346092,0,0,0,0,0.00480683638953178,0,0,0,0,0,0.000712123909560264,0,0,0,0,0.00462880541214171,0,0,0,0,0,0.00213637172868079,0.00640911518604237,0,0,0.00569699127648211,0,0,0,0,0,0,0,0.000712123909560264,0,0.00640911518604237,0,0,0,0,0,0.00249243368346092,0,0.0122841374399145,0.00302652661563112,0,0,0,0,0.00391668150258145,0.00445077443475165,0,0,0,0,0,0.00587502225387217,0,0,0.00284849563824105,0,0,0,0.00623108420865231,0,0.00587502225387217,0,0,0.00569699127648211,0,0,0,0,0.0249243368346092,0.0105038276660139,0,0,0.00231440270607086,0.00302652661563112,0,0,0,0,0,0,0,0,0,0,0.00231440270607086,0,0,0,0,0.00462880541214171,0.00142424781912053,0,0,0,0,0,0,0,0,0,0,0,0,0,0,0,0.00818942495994303,0,0,0,0,0,0,0.00124621684173046,0.0083674559373331,0,0,0,0,0,0,0.0105038276660139,0,0,0,0,0,0,0.000712123909560264,AA11,plus0ab,apo,AA,FALSE
F9,0,0.00409471247997152,0,0,0.164678654085811,0.104504183727969,0,0.0072992700729927,0,0,0.0174470357842265,0.0103257966886238,0.0195834075129072,0.0178030977390066,0.00249243368346092,0,0.0197614384902973,0.016200818942496,0,0.0628449350186932,0,0.0179811287163967,0.0113939825529642,0.0299092042015311,0.0126401993946947,0.018871283603347,0,0.0443297133701264,0,0.0145985401459854,0,0.0452198682570767,0.00907957984689336,0,0.0179811287163967,0.0179811287163967,0.0117500445077443,0,0,0.00943564180167349,0,0,0.0204735623998576,0,0.00445077443475165,0,0,0,0.00712123909560263,0,0.00373865052519138,0.00356061954780132,0.00516289834431191,0,0,0.00409471247997152,0.0105038276660139,0.00498486736692184,0,0,0,0,0,0,0,0,0.0124621684173046,0,0.0119280754851344,0,0,0.021719779241588,0.0199394694676874,0,0.00818942495994303,0,0,0.00534092932170198,0,0,0.00890154886950329,0,0.00747730105038277,0,0,0.000356061954780132,0.000534092932170198,0.000712123909560264,0,0,0,0.00534092932170198,0,0.000890154886950329,0,0,0,0,0,0.00178030977390066,0,0,0,0,0.0122841374399145,0,0.0072992700729927,0,0,0,0,0,0,0,0.0119280754851344,0,0,0,0,0,0,0,0.00356061954780132,0,0,0,0,0,0,0,0,0,0.00462880541214171,0,0,0,0,0,0,0,0.00213637172868079,0,0,0,0,0,0,0.00356061954780132,0,0,0,0,0,0.00160227879651059,0,0,0,0,0.0072992700729927,0,0,0,0,0.00694320811821257,0,0.00231440270607086,0,0,0,0,0,0,0,0.00178030977390066,0,0,0,0.00391668150258145,0,0,0,0,0,0.00356061954780132,0,0,0,0,0,0,0,0,0,0,0,0,0,0,0.00498486736692184,0,0,0,0,0.00640911518604237,0,0.00338258857041125,0,0,0.00160227879651059,0,0,0,0,0,0,0,0,0,0,0,0.00747730105038277,0,0.00765533202777283,0,0,0,0,0,0,0,0,0,0,0,0,0.00409471247997152,0,0,0,0.00142424781912053,0,0.00462880541214171,0,0.00765533202777283,0,0,0,0,0,0,0,0,0,0,0,0,0,0,0,0,0,0,0,0,AA12,plus0ab,apo,AA,FALSE
